date,pm25,source,n_sensors,fire_count,wind_speed_mean,wind_speed_min,temp_mean,temp_min,rh_mean,pressure_mean,precip_sum,blh_min,blh_mean
2022-07-22,19.0,openaq,1,,16.23,11.4,24.03,21.8,84.04,943.02,1.3,,
2022-08-04,9.1,cams,0,,5.12,1.5,24.75,22.0,87.62,939.55,18.6,,
2022-08-05,8.4,cams,0,,5.53,0.7,23.66,22.2,91.46,937.94,39.9,,
2022-08-06,8.1,cams,0,,9.36,6.6,23.9,21.9,89.29,936.84,13.0,,
2022-08-07,8.2,cams,0,,8.23,5.2,24.23,22.1,88.0,936.38,25.2,,
2022-08-08,5.8,cams,0,,7.25,0.8,23.9,22.2,89.33,935.09,12.8,,
2022-08-09,8.5,cams,0,,21.62,9.2,23.49,22.5,90.96,933.78,3.4,,
2022-08-10,5.8,cams,0,,23.81,19.4,23.21,22.3,91.54,933.12,9.1,,
2022-08-11,6.3,cams,0,,28.56,21.4,23.32,22.2,90.54,934.3,8.1,,
2022-08-12,5.8,cams,0,,27.69,22.2,22.99,21.8,91.21,937.46,8.4,,
2022-08-13,7.3,cams,0,,21.82,17.1,23.11,21.3,89.75,939.62,10.3,,
2022-08-14,8.4,cams,0,,22.48,17.8,23.32,22.0,87.92,941.23,5.9,,
2022-08-15,5.9,cams,0,,19.89,14.7,22.36,21.5,92.42,941.04,8.5,,
2022-08-16,5.7,cams,0,,24.78,20.7,22.38,21.6,93.42,939.97,16.8,,
2022-08-17,6.5,cams,0,,22.96,15.5,22.74,21.6,90.96,941.76,6.3,,
2022-08-18,8.3,cams,0,,20.63,14.0,23.05,21.5,90.0,942.4,4.8,,
2022-08-19,8.2,cams,0,,18.66,9.5,23.32,21.5,87.71,942.83,2.3,,
2022-08-20,8.2,cams,0,,17.88,8.9,23.72,21.8,86.04,942.62,1.7,,
2022-08-21,7.9,cams,0,,18.58,12.4,23.54,21.7,86.92,941.37,2.1,,
2022-08-22,8.0,cams,0,,19.82,13.1,22.74,21.9,91.54,939.87,2.9,,
2022-08-23,8.1,cams,0,,20.47,14.5,23.12,22.0,89.17,940.12,2.7,,
2022-08-24,7.6,cams,0,,17.38,11.6,23.02,21.6,88.83,942.96,3.2,,
2022-08-25,10.8,cams,0,,12.24,7.3,23.49,21.6,86.92,943.11,3.1,,
2022-08-26,12.7,cams,0,,10.38,5.0,23.7,21.1,83.75,943.23,2.8,,
2022-08-27,15.0,cams,0,,10.22,6.7,23.49,20.4,83.0,943.45,1.0,,
2022-08-28,15.2,cams,0,,8.65,5.4,23.67,20.3,81.08,943.22,1.0,,
2022-08-29,14.7,cams,0,,6.67,2.3,24.11,19.8,79.62,944.51,0.1,,
2022-08-30,21.3,cams,0,1.0,4.62,2.7,24.54,20.8,84.38,944.74,10.6,,
2022-08-31,27.2,cams,0,5.0,4.29,0.8,24.93,22.0,87.25,943.48,5.3,,
2022-09-01,23.4,cams,0,3.0,4.87,1.3,24.01,21.9,89.42,943.32,14.6,,
2022-09-02,17.4,cams,0,12.0,6.57,2.6,25.06,21.5,84.33,943.98,1.0,,
2022-09-03,26.6,cams,0,15.0,4.95,1.5,25.05,21.5,86.88,943.86,3.2,,
2022-09-04,11.7,cams,0,8.0,9.84,3.6,24.54,22.9,88.71,943.78,9.6,,
2022-09-05,9.8,cams,0,5.0,9.38,4.0,24.02,21.8,86.54,943.67,1.9,,
2022-09-06,13.3,cams,0,7.0,5.55,3.2,23.93,21.8,86.54,943.4,1.5,,
2022-09-07,20.3,cams,0,5.0,6.06,1.3,24.19,21.2,88.21,943.25,9.7,,
2022-09-08,27.1,cams,0,6.0,8.68,2.5,24.05,21.9,89.67,942.3,15.8,,
2022-09-09,20.5,cams,0,6.0,9.29,4.2,24.55,21.9,88.71,941.39,8.4,,
2022-09-10,17.0,cams,0,0.0,7.0,1.1,24.03,21.6,89.96,941.13,26.5,,
2022-09-11,12.7,cams,0,0.0,4.48,1.0,24.3,21.5,89.17,938.83,16.9,,
2022-09-12,9.8,cams,0,0.0,6.73,2.6,23.83,22.1,89.92,937.35,14.0,,
2022-09-13,6.8,cams,0,2.0,13.19,8.7,23.22,21.9,93.46,938.79,10.9,,
2022-09-14,4.9,cams,0,1.0,20.83,15.0,23.17,22.1,91.29,941.2,3.1,,
2022-09-15,5.6,cams,0,0.0,22.51,17.8,22.99,21.9,92.54,942.07,8.3,,
2022-09-16,4.6,cams,0,4.0,15.27,10.0,22.41,21.6,94.25,941.3,56.6,,
2022-09-17,8.6,cams,0,2.0,13.11,8.2,22.68,21.0,90.71,942.4,8.0,,
2022-09-18,9.0,cams,0,3.0,10.55,6.2,22.32,20.7,91.71,943.92,29.1,,
2022-09-19,12.9,cams,0,1.0,12.85,9.0,22.38,21.0,90.0,944.32,14.0,,
2022-09-20,12.9,cams,0,11.0,11.43,7.9,22.55,20.8,88.54,944.09,0.9,,
2022-09-21,13.3,cams,0,7.0,11.5,7.6,23.04,20.5,85.17,944.07,0.8,,
2022-09-22,15.2,cams,0,5.0,13.63,9.4,22.54,20.4,86.0,944.23,1.9,,
2022-09-23,40.7,openaq,1,2.0,16.0,11.5,22.59,20.3,83.75,944.39,0.9,,
2022-09-24,11.6,cams,0,15.0,11.82,6.1,22.99,20.5,86.29,943.96,2.0,,
2022-09-25,14.5,cams,0,13.0,8.06,4.0,23.1,20.3,84.29,944.04,0.8,,
2022-09-26,19.1,cams,0,6.0,5.67,3.3,22.61,20.0,89.38,945.66,1.5,,
2022-09-27,22.9,openaq,1,0.0,4.95,2.6,23.22,20.2,86.83,944.56,3.7,,
2022-09-28,19.0,cams,0,5.0,6.26,1.1,22.65,19.7,89.71,943.61,11.4,,
2022-09-29,25.2,cams,0,7.0,6.15,1.8,23.47,20.1,88.08,943.53,2.3,,
2022-09-30,30.9,openaq,1,14.0,6.45,2.3,23.74,19.9,85.71,944.12,1.4,,
2022-10-01,29.5,cams,0,15.0,7.97,4.6,23.73,20.5,86.83,944.51,1.7,,
2022-10-02,17.5,cams,0,6.0,7.46,5.0,23.32,20.1,85.25,944.89,2.3,,
2022-10-03,15.5,cams,0,18.0,7.92,5.0,23.35,20.1,82.5,945.31,0.1,,
2022-10-04,25.2,cams,0,9.0,8.42,5.3,23.96,20.7,83.29,945.32,0.3,,
2022-10-05,32.8,openaq,1,1.0,10.38,6.4,24.23,21.0,80.08,944.13,0.4,,
2022-10-06,21.1,cams,0,1.0,10.95,4.0,24.37,21.5,80.12,942.4,8.9,,
2022-10-07,9.9,cams,0,0.0,7.37,4.3,22.36,21.1,94.38,940.96,14.0,,
2022-10-08,11.8,cams,0,4.0,14.03,7.1,22.33,21.0,91.0,943.09,5.1,,
2022-10-09,15.7,cams,0,14.0,10.53,4.0,23.59,21.3,87.21,945.06,1.0,,
2022-10-10,23.0,cams,0,15.0,3.47,0.8,23.53,20.2,87.79,946.37,9.6,,
2022-10-11,23.6,openaq,1,0.0,4.38,0.4,23.69,20.9,88.83,945.33,5.6,,
2022-10-12,26.5,openaq,1,2.0,5.81,3.3,23.25,20.3,88.12,945.78,2.6,,
2022-10-13,36.6,openaq,1,5.0,8.88,3.8,23.97,20.4,82.75,946.25,1.2,,
2022-10-14,34.6,openaq,1,15.0,10.29,4.4,23.14,20.2,82.92,946.26,8.0,,
2022-10-15,26.9,openaq,1,9.0,11.75,7.4,22.73,19.0,67.71,945.52,0.0,,
2022-10-16,37.2,openaq,1,8.0,11.1,7.7,23.01,17.2,67.46,946.68,0.0,,
2022-10-17,16.3,cams,0,5.0,9.46,2.2,23.65,21.4,85.5,947.71,17.3,,
2022-10-18,18.6,cams,0,10.0,5.2,1.8,23.08,20.7,89.04,947.25,4.9,,
2022-10-19,23.6,cams,0,13.0,5.56,1.1,23.16,20.4,87.75,946.93,2.9,,
2022-10-20,24.7,cams,0,5.0,7.45,3.5,22.99,19.8,87.75,947.44,0.5,,
2022-10-21,15.4,cams,0,13.0,10.86,4.3,22.66,20.1,87.88,949.19,4.2,,
2022-10-22,24.5,cams,0,23.0,11.76,6.6,22.71,18.5,75.0,950.35,0.0,,
2022-10-23,30.0,cams,0,73.0,8.15,0.5,21.05,15.5,65.17,949.52,0.0,,
2022-10-24,38.0,cams,0,15.0,6.11,2.5,21.33,15.5,62.33,946.89,0.0,,
2022-10-25,39.9,cams,0,22.0,6.03,3.0,21.48,15.4,61.04,946.81,0.0,,
2022-10-26,43.7,cams,0,24.0,4.79,0.8,21.5,14.8,60.08,948.6,0.0,,
2022-10-27,40.2,cams,0,29.0,5.75,0.8,21.16,16.1,61.71,948.55,0.0,,
2022-10-28,36.9,cams,0,99.0,6.62,0.8,21.3,15.9,63.17,948.13,0.0,,
2022-10-29,33.9,cams,0,21.0,8.27,3.4,21.09,16.0,61.67,948.12,0.0,,
2022-10-30,38.4,cams,0,15.0,8.15,2.6,21.14,14.9,60.38,948.27,0.0,,
2022-10-31,44.0,cams,0,27.0,6.67,0.5,21.62,16.5,54.04,947.99,0.0,,
2022-11-01,47.0,cams,0,38.0,8.6,5.2,20.13,13.8,61.71,948.5,0.0,,
2022-11-02,34.3,cams,0,55.0,10.39,6.4,20.92,14.0,59.17,948.12,0.0,,
2022-11-03,35.0,cams,0,40.0,9.67,5.8,21.62,14.7,54.79,947.83,0.0,,
2022-11-04,38.1,cams,0,33.0,10.14,5.9,21.25,15.0,55.12,948.7,0.0,,
2022-11-05,37.1,cams,0,36.0,10.22,5.4,21.54,14.8,58.33,949.71,0.0,,
2022-11-06,38.4,cams,0,53.0,8.8,3.8,22.02,15.2,54.17,949.99,0.0,,
2022-11-07,47.7,cams,0,64.0,5.28,0.5,22.76,17.1,48.04,949.38,0.0,,
2022-11-08,53.6,cams,0,111.0,5.07,1.5,22.97,16.0,50.75,949.01,0.0,,
2022-11-09,47.3,cams,0,32.0,7.15,3.6,21.9,15.7,55.0,948.92,0.0,,
2022-11-10,44.7,cams,0,30.0,9.1,5.6,21.48,14.8,55.0,949.59,0.0,,
2022-11-11,44.9,cams,0,42.0,9.97,6.1,21.6,14.5,57.12,949.84,0.0,,
2022-11-12,47.6,cams,0,67.0,9.86,5.6,21.77,15.3,60.58,949.7,0.0,,
2022-11-13,53.9,cams,0,75.0,9.4,6.3,21.63,16.1,61.58,948.74,0.0,,
2022-11-14,56.1,cams,0,48.0,7.3,3.2,22.03,15.6,64.92,948.75,0.0,,
2022-11-15,54.3,cams,0,50.0,6.52,0.7,22.5,16.3,63.04,948.98,0.0,,
2022-11-16,48.4,cams,0,64.0,6.19,3.3,21.84,15.4,62.75,948.4,0.0,,
2022-11-17,41.2,cams,0,79.0,8.38,4.6,21.25,14.5,51.67,948.32,0.0,,
2022-11-18,27.0,cams,0,97.0,10.35,6.2,19.58,13.3,47.46,948.5,0.0,,
2022-11-19,28.7,cams,0,45.0,9.96,6.9,18.96,12.9,49.75,948.39,0.0,,
2022-11-20,32.8,cams,0,66.0,10.43,6.5,18.62,10.9,50.58,947.11,0.0,,
2022-11-21,39.7,cams,0,64.0,9.23,6.5,18.46,11.8,55.0,946.74,0.0,,
2022-11-22,45.1,cams,0,57.0,8.49,5.6,19.29,10.9,59.92,947.05,0.0,,
2022-11-23,41.1,cams,0,87.0,8.47,4.7,20.39,13.8,57.62,947.5,0.0,,
2022-11-24,45.1,cams,0,87.0,8.28,2.9,20.73,13.2,58.88,947.31,0.0,,
2022-11-25,54.6,cams,0,30.0,7.67,2.9,21.88,15.3,59.21,947.91,0.0,,
2022-11-26,60.2,cams,0,28.0,7.0,0.0,22.91,16.5,60.17,947.08,0.0,,
2022-11-27,44.8,cams,0,51.0,7.56,4.7,22.62,16.6,59.83,944.99,0.0,,
2022-11-28,38.4,cams,0,73.0,5.95,3.2,22.12,15.2,58.62,945.48,0.0,,
2022-11-29,41.5,cams,0,109.0,7.52,2.0,21.81,15.4,60.79,946.66,0.0,,
2022-11-30,49.6,cams,0,54.0,8.35,5.2,21.69,16.0,59.08,947.78,0.0,,
2022-12-01,43.8,cams,0,60.0,8.23,5.7,21.09,15.2,53.79,947.51,0.0,,
2022-12-02,49.4,cams,0,45.0,7.11,2.2,21.15,14.2,55.38,946.6,0.0,,
2022-12-03,62.1,cams,0,89.0,6.2,1.6,21.7,13.7,62.08,946.86,0.0,,
2022-12-04,79.6,cams,0,77.0,6.55,1.8,22.87,18.0,65.88,947.96,0.0,,
2022-12-05,83.2,cams,0,48.0,6.32,3.6,23.63,18.8,71.17,948.77,0.2,,
2022-12-06,84.0,cams,0,50.0,6.48,1.4,23.97,18.9,64.08,948.56,0.0,,
2022-12-07,72.5,cams,0,28.0,7.88,4.9,22.66,16.9,66.04,948.06,0.0,,
2022-12-08,66.5,cams,0,35.0,9.08,5.6,20.75,15.7,63.38,947.75,0.0,,
2022-12-09,30.4,cams,0,124.0,10.79,7.2,18.92,12.5,48.96,945.77,0.0,,
2022-12-10,30.9,cams,0,127.0,8.62,6.2,18.75,11.5,51.96,945.39,0.0,,
2022-12-11,31.5,cams,0,33.0,8.21,5.4,21.35,14.2,61.88,946.17,0.0,,
2022-12-12,33.1,cams,0,17.0,9.03,4.5,22.99,19.1,75.5,946.25,0.3,,
2022-12-13,13.6,cams,0,9.0,11.42,8.0,23.45,19.2,74.71,947.03,0.3,,
2022-12-14,0.9,cams,0,30.0,10.96,5.8,23.18,20.1,79.25,948.03,5.2,,
2022-12-15,0.9,cams,0,42.0,7.79,3.2,22.85,18.9,81.75,947.87,0.4,,
2022-12-16,22.2,cams,0,44.0,5.45,1.6,23.04,18.2,75.17,947.31,0.0,,
2022-12-17,32.6,cams,0,52.0,7.96,5.0,23.17,18.1,73.29,948.23,0.0,,
2022-12-18,30.1,cams,0,56.0,8.53,5.4,22.81,18.1,66.75,948.09,0.0,,
2022-12-19,26.8,cams,0,84.0,8.55,5.6,21.1,16.2,63.42,946.84,0.0,,
2022-12-20,31.0,cams,0,143.0,7.28,2.9,21.01,15.1,57.75,946.04,0.0,,
2022-12-21,39.6,cams,0,102.0,6.29,0.4,21.28,14.8,61.71,946.51,0.0,,
2022-12-22,52.5,cams,0,89.0,5.65,1.3,21.7,14.5,62.38,946.27,0.0,,
2022-12-23,54.4,cams,0,90.0,6.95,2.2,21.46,16.2,58.88,946.15,0.0,,
2022-12-24,39.4,cams,0,118.0,5.14,1.1,18.53,11.6,55.08,946.46,0.0,,
2022-12-25,33.7,cams,0,143.0,8.66,3.8,18.76,11.9,53.58,946.65,0.0,,
2022-12-26,46.5,cams,0,95.0,6.92,1.6,20.57,12.9,51.62,948.07,0.0,,
2022-12-27,45.1,cams,0,43.0,7.29,4.1,20.79,13.5,62.83,949.37,0.0,,
2022-12-28,39.3,cams,0,96.0,6.33,2.2,21.32,14.6,59.29,950.5,0.0,,
2022-12-29,36.9,cams,0,65.0,6.38,2.7,21.67,14.5,61.29,951.64,0.0,,
2022-12-30,40.5,cams,0,129.0,5.69,2.9,22.07,15.2,52.79,952.47,0.0,,
2022-12-31,33.9,cams,0,159.0,6.31,2.1,20.88,14.5,56.38,951.5,0.0,,
2023-01-01,34.8,cams,0,92.0,5.79,0.8,19.43,11.9,59.62,950.75,0.0,,
2023-01-02,32.4,cams,0,85.0,7.47,1.1,19.72,12.8,63.12,950.76,0.0,,
2023-01-03,35.5,cams,0,64.0,7.85,2.2,19.88,12.4,62.21,950.55,0.0,,
2023-01-04,56.0,cams,0,87.0,11.6,6.5,19.58,13.8,70.88,949.93,0.0,,
2023-01-05,83.1,cams,0,97.0,12.06,3.2,20.5,14.6,71.67,950.88,0.0,,
2023-01-06,77.4,cams,0,62.0,10.47,5.4,20.7,16.0,75.79,952.57,0.0,,
2023-01-07,100.2,cams,0,73.0,9.1,5.9,20.97,16.3,73.79,952.35,0.0,,
2023-01-08,43.1,cams,0,101.0,7.84,4.5,19.58,14.2,63.96,951.02,0.0,,
2023-01-09,26.4,cams,0,124.0,7.88,4.6,17.96,10.7,53.79,951.39,0.0,,
2023-01-10,30.5,cams,0,162.0,8.61,6.4,17.8,9.5,49.88,950.78,0.0,,
2023-01-11,40.0,cams,0,126.0,8.33,2.0,18.91,10.7,54.46,948.62,0.0,,
2023-01-12,45.1,cams,0,98.0,6.05,0.5,18.88,12.0,56.83,947.32,0.0,,
2023-01-13,26.1,cams,0,51.0,8.52,5.8,18.76,13.9,65.79,948.02,0.0,,
2023-01-14,32.3,cams,0,92.0,6.9,2.3,16.88,9.7,64.79,947.81,0.0,,
2023-01-15,38.2,cams,0,113.0,8.2,3.4,17.84,10.8,62.42,946.62,0.0,,
2023-01-16,52.1,cams,0,133.0,7.68,2.3,18.29,11.0,62.08,946.69,0.0,,
2023-01-17,50.9,cams,0,90.0,7.17,3.3,18.92,11.1,60.5,947.45,0.0,,
2023-01-18,49.0,cams,0,69.0,8.15,1.8,19.5,11.6,62.0,948.78,0.0,,
2023-01-19,51.3,cams,0,99.0,8.53,4.7,20.25,12.2,59.58,948.65,0.0,,
2023-01-20,46.4,cams,0,92.0,8.09,0.4,20.7,14.2,47.54,948.15,0.0,,
2023-01-21,49.9,cams,0,143.0,8.37,1.5,20.31,13.4,50.96,948.21,0.0,,
2023-01-22,56.3,cams,0,112.0,8.08,1.6,19.11,12.0,50.21,947.45,0.0,,
2023-01-23,51.9,cams,0,69.0,7.38,0.8,19.24,13.2,54.12,946.68,0.0,,
2023-01-24,69.7,cams,0,54.0,7.41,0.4,18.87,12.0,58.5,946.68,0.0,,
2023-01-25,77.8,cams,0,77.0,6.71,2.8,19.27,12.3,54.83,947.13,0.0,,
2023-01-26,64.4,cams,0,130.0,10.33,5.1,21.03,14.6,60.5,947.67,0.0,,
2023-01-27,50.7,cams,0,117.0,9.83,2.5,22.16,16.4,64.79,948.27,0.0,,
2023-01-28,43.1,cams,0,90.0,8.7,3.8,22.23,16.1,56.79,946.85,0.0,,
2023-01-29,57.3,cams,0,66.0,9.93,4.8,20.73,14.7,70.75,945.03,0.0,,
2023-01-30,51.1,cams,0,58.0,6.55,1.6,21.09,15.8,72.5,948.05,0.3,,
2023-01-31,55.7,cams,0,99.0,10.41,5.4,21.75,16.2,64.38,948.91,0.0,,
2023-02-01,52.6,cams,0,150.0,11.7,9.2,21.82,17.5,61.12,949.25,0.0,,
2023-02-02,38.3,cams,0,99.0,9.9,6.6,21.75,15.6,54.33,949.11,0.0,,
2023-02-03,31.9,cams,0,117.0,7.31,1.8,21.35,13.4,49.58,949.05,0.0,,
2023-02-04,35.4,cams,0,132.0,6.52,1.9,21.53,14.1,46.12,947.75,0.0,,
2023-02-05,35.2,cams,0,153.0,7.73,1.6,21.9,13.7,47.17,946.91,0.0,,
2023-02-06,44.6,cams,0,173.0,7.75,0.8,22.08,14.0,47.54,946.95,0.0,,
2023-02-07,30.2,cams,0,131.0,6.17,1.1,21.98,14.1,41.46,946.88,0.0,,
2023-02-08,23.0,cams,0,113.0,6.94,2.3,22.41,14.0,46.62,947.7,0.0,,
2023-02-09,30.9,cams,0,129.0,7.45,0.7,23.05,14.1,42.92,947.96,0.0,,
2023-02-10,38.2,cams,0,110.0,6.43,0.5,24.5,16.7,33.54,949.09,0.0,,
2023-02-11,36.0,cams,0,172.0,7.38,1.5,23.25,14.8,34.08,949.51,0.0,,
2023-02-12,23.4,cams,0,241.0,10.34,2.7,21.78,12.3,41.96,950.47,0.0,,
2023-02-13,22.1,cams,0,197.0,9.52,6.5,22.1,13.5,39.46,950.49,0.0,,
2023-02-14,25.1,cams,0,271.0,9.0,4.4,21.7,13.3,34.42,949.87,0.0,,
2023-02-15,20.6,cams,0,250.0,9.4,5.9,22.95,14.1,29.25,948.49,0.0,,
2023-02-16,17.9,cams,0,240.0,9.46,4.6,24.09,14.7,30.08,949.25,0.0,,
2023-02-17,17.6,cams,0,332.0,9.15,5.1,24.32,15.2,29.29,949.27,0.0,,
2023-02-18,18.5,cams,0,226.0,9.05,6.4,23.3,15.3,31.33,948.91,0.0,,
2023-02-19,23.2,cams,0,297.0,8.37,2.7,23.56,14.1,30.83,948.78,0.0,,
2023-02-20,32.2,cams,0,148.0,6.4,0.8,25.01,17.2,30.54,948.65,0.0,,
2023-02-21,35.7,cams,0,134.0,7.05,1.4,25.24,16.3,29.58,948.89,0.0,,
2023-02-22,31.1,cams,0,191.0,7.28,1.1,25.0,14.8,28.08,948.46,0.0,,
2023-02-23,32.7,cams,0,185.0,5.13,0.8,25.23,17.1,29.38,948.12,0.0,,
2023-02-24,31.8,cams,0,224.0,5.88,2.2,25.19,16.9,27.96,949.19,0.0,,
2023-02-25,40.7,cams,0,296.0,6.03,1.0,25.35,16.0,28.46,950.69,0.0,,
2023-02-26,38.0,cams,0,263.0,5.84,1.3,24.96,15.2,27.96,951.14,0.0,,
2023-02-27,24.5,cams,0,364.0,7.03,2.3,24.85,16.3,27.71,950.7,0.0,,
2023-02-28,34.5,cams,0,245.0,7.37,1.5,24.88,16.6,28.5,950.46,0.0,,
2023-03-01,31.5,cams,0,207.0,7.85,0.8,25.31,16.6,28.42,951.11,0.0,,
2023-03-02,50.4,cams,0,226.0,8.54,3.1,26.1,17.9,28.88,951.68,0.0,,
2023-03-03,47.0,cams,0,,7.67,1.9,26.48,18.3,31.17,952.09,0.0,,
2023-03-04,51.6,cams,0,,8.48,3.8,27.12,18.7,30.54,951.83,0.0,,
2023-03-05,60.8,cams,0,,8.97,3.1,26.6,21.6,34.79,952.08,0.2,,
2023-03-06,55.0,cams,0,,8.24,3.2,23.62,19.1,50.38,951.52,1.8,,
2023-03-07,42.3,cams,0,,8.24,2.8,22.98,17.0,51.08,950.47,4.0,,
2023-03-08,39.0,cams,0,,6.82,0.7,24.02,15.4,41.54,950.25,0.0,,
2023-03-09,26.2,cams,0,,7.72,3.1,24.33,15.6,33.58,949.72,0.0,,
2023-03-10,22.4,cams,0,,8.15,4.7,24.13,17.5,33.21,949.24,0.0,,
2023-03-11,29.4,cams,0,,9.03,3.7,25.09,17.7,35.67,948.94,0.0,,
2023-03-12,36.6,cams,0,,9.33,4.7,25.33,17.6,37.92,948.38,0.0,,
2023-03-13,47.0,cams,0,,7.7,1.5,26.2,19.6,35.83,947.6,0.1,,
2023-03-14,47.4,cams,0,,5.83,1.1,26.04,18.9,37.21,946.35,0.0,,
2023-03-15,55.4,cams,0,,7.46,0.8,24.91,19.3,41.04,945.12,0.6,,
2023-03-16,45.6,cams,0,,6.88,1.3,22.85,18.4,61.04,946.5,1.0,,
2023-03-17,64.4,cams,0,,5.11,1.1,22.12,16.7,66.54,946.18,0.8,,
2023-03-18,53.7,cams,0,,5.99,1.4,21.57,16.2,68.79,944.97,4.3,,
2023-03-19,32.1,cams,0,,9.76,3.2,21.8,15.2,62.0,943.95,0.0,,
2023-03-20,17.2,cams,0,,10.7,4.8,21.78,16.9,61.38,943.93,0.0,,
2023-03-21,19.0,cams,0,,7.67,2.7,22.09,17.8,65.92,944.75,0.0,,
2023-03-22,13.2,cams,0,,10.42,4.8,22.47,16.6,65.46,945.7,0.0,,
2023-03-23,11.9,cams,0,,10.44,5.4,22.69,16.9,62.75,945.9,0.0,,
2023-03-24,13.0,cams,0,,10.6,6.8,22.99,15.9,62.04,945.89,0.0,,
2023-03-25,18.3,cams,0,,8.74,4.1,22.7,14.6,57.17,946.69,0.0,,
2023-03-26,23.3,cams,0,,9.3,6.0,22.53,14.4,49.21,946.5,0.0,,
2023-03-27,24.9,cams,0,,7.97,3.4,23.68,15.3,52.33,946.32,0.0,,
2023-03-28,24.5,cams,0,,6.26,2.6,24.32,16.5,51.58,945.8,0.0,,
2023-03-29,26.3,cams,0,,8.6,2.9,24.9,17.4,50.08,946.0,0.0,,
2023-03-30,20.7,cams,0,,11.23,6.8,23.9,17.4,59.12,945.43,0.0,,
2023-03-31,13.6,cams,0,,13.0,7.6,23.84,18.8,54.42,945.3,0.1,,
2023-04-01,15.1,cams,0,,8.38,5.3,23.85,16.0,51.75,945.77,0.0,,
2023-04-02,16.2,cams,0,,8.38,4.3,24.66,17.5,51.42,945.56,0.0,,
2023-04-03,17.1,cams,0,,8.65,3.6,25.21,17.7,54.58,945.32,0.0,,
2023-04-04,20.6,cams,0,,10.9,4.7,26.68,18.5,43.62,946.31,0.0,,
2023-04-05,25.0,cams,0,,9.59,1.0,27.44,19.2,31.62,946.19,0.0,,
2023-04-06,22.6,cams,0,,8.0,1.0,27.8,20.7,33.17,946.67,0.0,,
2023-04-07,33.6,cams,0,,8.3,1.5,27.7,21.1,38.46,947.94,0.0,,
2023-04-08,38.7,cams,0,,7.65,1.6,27.05,21.7,50.83,949.74,0.0,,
2023-04-09,40.0,cams,0,,4.98,1.0,27.91,20.3,43.62,949.68,0.0,,
2023-04-10,40.6,cams,0,,6.44,1.9,28.02,23.1,46.62,948.46,0.0,,
2023-04-11,37.6,cams,0,,5.49,1.4,28.84,21.5,42.42,948.54,0.0,,
2023-04-12,34.7,cams,0,,7.49,0.4,29.78,22.7,35.92,948.19,0.0,,
2023-04-13,29.1,cams,0,,9.01,1.8,29.32,23.7,35.08,947.93,0.1,,
2023-04-14,35.1,cams,0,,6.83,3.0,29.64,22.5,36.0,947.33,0.0,,
2023-04-15,32.9,cams,0,,5.72,0.5,28.45,22.0,39.67,947.19,0.0,,
2023-04-16,22.6,cams,0,,7.15,0.5,28.91,20.5,39.42,945.9,0.0,,
2023-04-17,19.9,cams,0,,6.66,1.1,29.47,21.0,31.71,946.13,0.0,,
2023-04-18,28.2,cams,0,,9.26,1.5,30.21,22.9,28.75,947.46,0.0,,
2023-04-19,32.7,cams,0,,8.51,1.1,30.34,23.2,31.33,945.23,0.0,,
2023-04-20,28.3,cams,0,,10.11,3.2,29.44,21.9,33.25,942.98,0.0,,
2023-04-21,15.7,cams,0,,10.68,5.4,27.48,20.5,36.67,943.04,0.0,,
2023-04-22,13.9,cams,0,,10.65,4.7,26.62,20.1,45.54,943.24,0.0,,
2023-04-23,15.7,cams,0,,11.08,5.6,26.69,20.0,48.5,943.59,0.0,,
2023-04-24,17.3,cams,0,,9.04,1.8,28.15,19.8,31.67,944.33,0.0,,
2023-04-25,25.4,cams,0,,7.59,1.0,28.78,21.8,30.42,944.52,0.0,,
2023-04-26,26.3,cams,0,,9.63,3.9,26.7,20.3,59.62,944.52,0.0,,
2023-04-27,22.6,cams,0,,7.5,3.0,26.85,20.8,57.79,945.05,0.0,,
2023-04-28,22.9,cams,0,,9.79,1.9,27.45,21.8,53.21,945.67,0.2,,
2023-04-29,14.0,cams,0,,10.21,2.5,25.9,20.5,56.0,945.0,0.0,,
2023-04-30,12.0,cams,0,,8.47,2.9,24.65,19.2,60.62,943.5,1.1,,
2023-05-01,12.3,cams,0,,10.07,5.8,24.32,19.7,60.17,943.31,0.0,,
2023-05-02,15.3,cams,0,,7.53,1.1,25.69,20.4,59.58,944.12,0.0,,
2023-05-03,11.4,cams,0,,7.64,1.9,26.0,19.6,61.5,945.45,0.0,,
2023-05-04,19.8,cams,0,,4.98,2.3,26.38,19.7,59.21,945.03,0.0,,
2023-05-05,23.2,cams,0,,5.67,0.5,26.98,20.5,61.46,944.52,0.0,,
2023-05-06,22.0,cams,0,,7.72,3.7,27.43,22.0,61.79,944.59,0.5,,
2023-05-07,23.4,cams,0,,9.42,5.8,27.62,22.3,58.92,944.64,0.5,,
2023-05-08,21.4,cams,0,,9.53,5.4,29.0,23.7,52.17,944.18,0.1,,
2023-05-09,21.1,cams,0,,9.6,4.1,30.08,24.1,51.04,944.6,0.1,,
2023-05-10,24.3,cams,0,,10.12,2.8,31.44,23.5,40.83,944.23,0.0,,
2023-05-11,27.0,cams,0,,9.12,4.1,32.06,23.8,31.71,944.48,0.0,,
2023-05-12,29.8,cams,0,,12.36,5.4,31.47,22.9,34.04,944.68,0.0,,
2023-05-13,24.7,cams,0,,12.49,6.3,30.72,24.1,41.25,945.09,0.0,,
2023-05-14,13.1,cams,0,,15.35,10.8,29.2,23.2,51.92,944.32,0.0,,
2023-05-15,15.4,cams,0,,15.9,12.1,28.45,22.6,60.62,945.07,0.0,,
2023-05-16,12.8,cams,0,,16.48,11.6,28.15,22.6,61.38,946.45,0.0,,
2023-05-17,12.6,cams,0,,12.49,7.6,28.77,22.5,58.17,946.85,0.0,,
2023-05-18,11.2,cams,0,,12.17,6.3,29.09,22.2,53.25,948.06,0.0,,
2023-05-19,11.6,cams,0,,10.88,3.9,29.77,21.8,45.21,946.57,0.0,,
2023-05-20,11.2,cams,0,,11.93,7.2,29.28,21.9,51.83,945.91,0.0,,
2023-05-21,11.3,cams,0,,11.55,8.3,28.8,21.9,58.29,946.59,0.0,,
2023-05-22,9.4,cams,0,,10.8,6.5,29.23,22.3,53.08,947.22,0.0,,
2023-05-23,9.8,cams,0,,11.51,5.6,29.52,22.2,46.21,947.17,0.0,,
2023-05-24,8.7,cams,0,,14.27,8.9,28.84,22.9,56.5,946.6,0.0,,
2023-05-25,10.4,cams,0,,16.88,12.0,27.98,22.7,61.92,946.88,0.0,,
2023-05-26,12.1,cams,0,,19.0,13.7,27.75,22.9,62.71,947.16,0.0,,
2023-05-27,14.5,cams,0,,17.88,12.5,27.75,22.4,64.5,946.21,0.0,,
2023-05-28,11.7,cams,0,,14.82,9.5,28.69,22.6,61.17,945.75,0.0,,
2023-05-29,12.1,cams,0,,11.89,3.6,30.02,23.4,53.62,945.56,0.0,,
2023-05-30,19.1,cams,0,,9.75,2.2,30.11,22.3,43.58,945.74,0.0,,
2023-05-31,21.3,cams,0,,11.24,2.6,30.7,23.1,42.38,945.51,0.0,,
2023-06-01,13.1,cams,0,,12.84,7.2,30.73,23.6,38.33,945.05,0.0,,
2023-06-02,8.1,cams,0,,15.6,10.2,28.64,22.5,57.0,945.53,0.0,,
2023-06-03,9.3,cams,0,,14.44,10.1,28.91,23.9,62.21,945.05,0.0,,
2023-06-04,9.2,cams,0,,12.1,6.3,28.38,24.4,66.67,945.01,1.5,,
2023-06-05,13.0,cams,0,,13.17,8.7,28.07,23.3,67.79,944.22,0.2,,
2023-06-06,15.4,cams,0,,12.53,9.6,28.75,23.1,63.42,944.0,0.0,,
2023-06-07,16.4,cams,0,,12.41,7.1,29.1,22.8,61.0,943.72,0.0,,
2023-06-08,15.3,cams,0,,13.06,9.7,29.38,23.6,60.33,944.26,0.0,,
2023-06-09,13.3,cams,0,,13.06,7.0,29.19,24.1,65.0,942.45,0.3,,
2023-06-10,10.5,cams,0,,13.81,2.9,28.79,24.6,63.83,941.33,1.7,,
2023-06-11,13.1,cams,0,,13.26,6.5,28.86,24.1,58.42,940.72,1.9,,
2023-06-12,12.3,cams,0,,14.16,4.3,28.78,23.4,56.67,940.41,1.3,,
2023-06-13,10.6,cams,0,,19.15,7.4,27.8,23.3,65.12,941.35,1.5,,
2023-06-14,10.1,cams,0,,22.77,15.1,26.68,23.3,73.21,942.85,0.8,,
2023-06-15,11.4,cams,0,,23.94,16.0,27.12,23.2,69.88,942.98,0.9,,
2023-06-16,12.2,cams,0,,26.55,17.0,25.97,23.3,77.62,941.88,2.4,,
2023-06-17,14.2,cams,0,,24.1,17.4,26.28,23.0,77.5,942.57,0.6,,
2023-06-18,14.2,cams,0,,21.72,13.8,26.94,23.6,72.54,943.16,1.6,,
2023-06-19,17.2,cams,0,,19.54,10.9,27.14,23.0,70.17,942.41,0.0,,
2023-06-20,16.7,cams,0,,16.09,11.3,27.25,23.0,68.54,941.75,1.4,,
2023-06-21,14.9,cams,0,,15.27,10.0,27.4,23.0,68.71,942.23,1.8,,
2023-06-22,15.0,cams,0,,15.32,10.7,27.72,23.3,67.75,942.45,0.9,,
2023-06-23,12.9,cams,0,,15.33,10.5,27.4,23.3,70.67,942.04,1.9,,
2023-06-24,8.7,cams,0,,12.93,9.0,25.45,22.5,81.0,940.67,2.2,,
2023-06-25,6.6,cams,0,,18.3,13.5,24.59,22.1,84.75,940.33,2.6,,
2023-06-26,4.5,cams,0,,16.84,12.9,23.08,22.0,92.75,941.19,11.1,,
2023-06-27,4.4,cams,0,,16.08,13.4,23.05,21.8,92.33,940.95,7.7,,
2023-06-28,3.5,cams,0,,16.07,11.2,23.43,22.3,93.08,941.47,16.2,,
2023-06-29,1.9,cams,0,,18.71,11.1,23.1,22.1,92.25,941.43,13.9,,
2023-06-30,2.3,cams,0,,21.42,16.8,23.03,22.1,93.29,941.14,17.2,,
2023-07-01,2.6,cams,0,,20.21,11.6,22.99,21.8,92.71,942.03,20.5,,
2023-07-02,5.2,cams,0,,16.67,9.7,23.98,21.9,89.67,941.93,6.1,,
2023-07-03,7.2,cams,0,,12.81,8.4,25.01,22.2,86.92,940.72,3.7,,
2023-07-04,5.8,cams,0,,12.75,9.0,25.24,23.4,87.46,939.0,3.0,,
2023-07-05,8.8,cams,0,,11.6,7.2,24.45,23.0,90.88,937.35,20.8,,
2023-07-06,6.8,cams,0,,14.66,8.7,24.09,22.2,89.83,938.26,10.2,,
2023-07-07,4.5,cams,0,,18.65,10.5,23.92,22.2,91.33,939.15,6.9,,
2023-07-08,5.9,cams,0,,21.38,13.2,23.69,22.5,90.92,940.62,7.1,,
2023-07-09,7.4,cams,0,,22.45,15.5,23.8,22.1,89.71,941.53,6.2,,
2023-07-10,10.6,cams,0,,20.66,11.8,24.25,22.1,86.17,942.22,3.1,,
2023-07-11,9.1,cams,0,,17.7,10.4,24.22,22.5,85.62,942.53,3.6,,
2023-07-12,6.4,cams,0,,14.75,9.8,23.79,22.1,89.08,941.56,5.4,,
2023-07-13,6.3,cams,0,,14.06,10.0,24.22,22.2,89.25,941.3,4.7,,
2023-07-14,4.7,cams,0,,15.33,11.3,24.0,22.1,89.0,942.4,15.6,,
2023-07-15,6.0,cams,0,,16.41,11.1,23.83,22.3,88.83,942.82,8.9,,
2023-07-16,4.2,cams,0,,15.08,11.9,23.24,21.9,90.79,942.06,4.6,,
2023-07-17,3.2,cams,0,,16.83,10.8,23.62,21.8,90.0,940.88,3.3,,
2023-07-18,3.7,cams,0,,17.36,12.7,23.69,22.6,92.42,939.36,15.6,,
2023-07-19,3.7,cams,0,,19.85,13.1,23.64,22.6,91.21,937.37,10.8,,
2023-07-20,7.8,cams,0,,22.19,11.1,24.06,22.5,87.96,937.8,9.3,,
2023-07-21,15.8,cams,0,,17.64,13.7,24.33,22.4,89.5,939.8,7.4,,
2023-07-22,5.7,cams,0,,20.64,15.5,23.61,22.4,92.12,939.87,16.8,,
2023-07-23,2.9,cams,0,,20.33,15.5,23.79,22.0,89.83,939.23,9.9,,
2023-07-24,3.7,cams,0,,19.51,13.0,23.78,22.5,89.79,939.73,8.3,,
2023-07-25,4.0,cams,0,,17.52,13.5,23.95,22.3,89.42,941.52,6.3,,
2023-07-26,4.1,cams,0,,15.25,12.2,23.78,22.5,90.5,942.37,14.1,,
2023-07-27,5.0,cams,0,,18.15,10.4,23.55,22.7,91.08,942.31,16.9,,
2023-07-28,4.8,cams,0,,19.31,10.2,23.17,22.2,92.25,942.43,18.1,,
2023-07-29,6.2,cams,0,,20.1,17.4,23.18,22.2,90.5,942.93,4.4,,
2023-07-30,6.2,cams,0,,20.65,16.2,23.66,22.2,88.12,942.27,4.4,,
2023-07-31,5.9,cams,0,,19.31,13.5,23.84,22.2,89.21,941.81,4.4,,
2023-08-01,6.5,cams,0,,21.77,13.2,23.9,22.6,88.12,941.74,3.3,,
2023-08-02,8.8,cams,0,,23.1,16.7,23.61,22.0,87.67,942.11,4.5,,
2023-08-03,7.5,cams,0,,23.44,14.7,23.67,22.3,88.04,941.59,2.8,,
2023-08-04,7.2,cams,0,,21.64,15.5,23.59,22.5,90.5,942.63,1.8,,
2023-08-05,7.7,cams,0,,20.64,14.3,23.79,22.1,89.58,944.6,3.7,,
2023-08-06,8.8,cams,0,,22.5,17.1,23.79,22.1,87.83,944.01,2.4,,
2023-08-07,11.2,cams,0,,24.27,18.4,23.93,22.0,85.58,942.34,1.2,,
2023-08-08,10.1,cams,0,,21.83,14.0,24.07,21.9,84.5,942.9,1.1,,
2023-08-09,10.1,cams,0,,18.9,11.2,24.12,22.0,85.0,945.06,2.1,,
2023-08-10,8.7,cams,0,,16.61,12.2,23.83,22.2,86.79,945.76,2.1,,
2023-08-11,9.9,cams,0,,15.45,11.5,24.2,21.9,82.12,945.45,1.6,,
2023-08-12,8.7,cams,0,,17.24,12.9,23.67,21.9,85.46,944.94,2.5,,
2023-08-13,8.5,cams,0,,19.23,14.2,23.76,21.8,86.33,943.46,4.2,,
2023-08-14,11.6,cams,0,,20.03,16.1,23.75,21.9,86.29,943.77,2.4,,
2023-08-15,10.5,cams,0,,16.7,11.8,23.57,21.7,85.96,944.51,1.5,,
2023-08-16,10.6,cams,0,,15.15,10.2,24.34,21.8,82.25,945.0,1.0,,
2023-08-17,8.6,cams,0,,15.67,11.2,24.05,21.5,80.46,945.07,0.4,,
2023-08-18,8.4,cams,0,,16.77,12.7,23.95,21.6,81.12,943.8,0.4,,
2023-08-19,9.4,cams,0,,16.99,12.3,23.99,22.1,83.62,942.57,1.0,,
2023-08-20,7.8,cams,0,,16.9,10.3,23.84,22.0,84.42,942.44,4.5,,
2023-08-21,8.3,cams,0,,14.86,8.3,24.18,21.6,82.92,943.08,1.2,,
2023-08-22,7.2,cams,0,,13.96,11.2,23.76,21.7,87.0,943.18,3.5,,
2023-08-23,6.1,cams,0,,16.91,12.9,23.79,21.8,85.88,943.01,2.0,,
2023-08-24,6.5,cams,0,,19.15,12.4,24.0,22.0,85.21,942.13,1.5,,
2023-08-25,5.6,cams,0,,17.85,11.3,24.04,22.1,87.75,942.2,3.9,,
2023-08-26,4.3,cams,0,,15.25,8.7,23.46,21.9,89.29,943.6,4.4,,
2023-08-27,6.0,cams,0,,15.3,9.2,23.29,21.4,87.62,944.52,2.2,,
2023-08-28,8.6,cams,0,,17.0,11.3,23.86,21.6,84.5,944.06,2.4,,
2023-08-29,10.0,cams,0,,12.22,6.0,24.2,21.3,82.71,944.27,2.6,,
2023-08-30,16.5,cams,0,13.0,7.98,5.1,24.56,20.6,80.42,945.2,0.4,,
2023-08-31,17.5,cams,0,13.0,5.96,1.5,24.63,20.3,79.75,945.15,0.2,,
2023-09-01,19.3,cams,0,12.0,5.28,3.6,25.62,20.9,76.67,945.07,0.2,,
2023-09-02,17.9,cams,0,10.0,7.33,3.6,24.71,21.4,83.38,944.76,4.8,,
2023-09-03,15.2,cams,0,8.0,9.36,5.1,24.5,21.4,83.17,943.75,2.1,,
2023-09-04,15.5,cams,0,2.0,11.92,7.4,24.17,20.9,81.12,942.66,1.2,,
2023-09-05,17.4,cams,0,14.0,12.36,8.3,24.58,21.0,78.17,942.2,0.1,,
2023-09-06,19.1,cams,0,3.0,14.42,7.7,24.25,21.3,83.5,941.93,5.1,,
2023-09-07,16.1,cams,0,0.0,19.05,15.9,23.92,22.6,86.67,941.2,5.4,,
2023-09-08,6.2,cams,0,0.0,18.56,14.8,23.11,22.1,92.67,941.25,20.2,,
2023-09-09,8.2,cams,0,0.0,18.95,13.0,24.38,22.7,87.21,941.67,2.4,,
2023-09-10,7.7,cams,0,11.0,18.46,13.0,24.57,22.2,85.88,941.71,0.8,,
2023-09-11,8.2,cams,0,8.0,17.68,12.8,24.36,22.1,86.04,942.52,1.6,,
2023-09-12,10.4,cams,0,20.0,16.38,9.6,24.17,21.4,81.42,943.3,0.3,,
2023-09-13,10.4,cams,0,10.0,14.77,10.5,24.05,21.5,83.83,942.77,1.3,,
2023-09-14,9.0,cams,0,15.0,12.94,8.7,24.25,22.2,83.92,943.05,1.9,,
2023-09-15,9.4,cams,0,0.0,14.45,10.4,23.82,21.7,84.83,942.79,1.2,,
2023-09-16,5.3,cams,0,6.0,20.33,15.4,22.91,22.3,93.08,941.77,7.8,,
2023-09-17,7.8,cams,0,2.0,21.36,14.6,23.09,21.8,90.54,940.93,2.2,,
2023-09-18,5.7,cams,0,1.0,18.29,12.0,23.18,21.2,90.29,941.22,4.9,,
2023-09-19,5.3,cams,0,0.0,17.22,11.3,23.57,21.5,90.21,942.8,3.0,,
2023-09-20,6.7,cams,0,14.0,13.78,8.4,24.03,21.9,90.5,943.69,5.3,,
2023-09-21,6.8,cams,0,1.0,9.34,3.3,24.35,22.3,88.83,944.02,10.2,,
2023-09-22,6.0,cams,0,1.0,7.41,2.8,23.8,22.2,92.96,944.4,17.0,,
2023-09-23,7.1,cams,0,2.0,7.51,4.7,23.82,21.6,89.58,944.78,12.5,,
2023-09-24,5.3,cams,0,6.0,9.3,6.3,23.74,22.1,90.17,945.0,7.1,,
2023-09-25,7.7,cams,0,2.0,8.09,4.0,24.1,21.7,87.33,944.15,1.8,,
2023-09-26,13.0,cams,0,0.0,5.14,2.9,24.52,21.4,86.79,944.11,6.2,,
2023-09-27,25.5,cams,0,5.0,5.73,1.1,24.06,21.5,89.92,943.62,20.0,,
2023-09-28,32.6,cams,0,16.0,5.92,1.1,24.74,21.5,85.83,942.88,2.5,,
2023-09-29,25.3,cams,0,3.0,5.15,1.5,24.52,20.9,87.33,942.72,11.5,,
2023-09-30,30.6,cams,0,0.0,8.79,4.2,25.99,21.5,78.54,942.6,0.2,,
2023-10-01,28.2,cams,0,10.0,8.41,3.4,26.15,21.4,67.25,942.36,0.0,,
2023-10-02,34.7,cams,0,10.0,10.22,4.8,24.45,22.0,83.46,944.71,0.9,,
2023-10-03,26.3,cams,0,14.0,8.89,5.2,24.75,21.7,79.33,946.2,0.0,,
2023-10-04,23.3,cams,0,17.0,6.77,3.0,24.81,21.0,75.25,946.81,0.0,,
2023-10-05,27.5,cams,0,20.0,6.33,2.9,24.36,20.2,75.92,946.53,0.0,,
2023-10-06,31.9,cams,0,13.0,5.36,1.8,24.32,19.3,74.58,945.72,0.0,,
2023-10-07,38.7,cams,0,23.0,4.38,0.7,24.56,19.3,71.88,946.06,0.0,,
2023-10-08,42.7,cams,0,17.0,5.04,1.0,24.87,19.3,68.75,947.15,0.0,,
2023-10-09,42.6,cams,0,30.0,5.78,0.7,25.57,20.2,65.04,948.4,0.0,,
2023-10-10,29.4,cams,0,23.0,6.45,1.5,25.18,19.5,63.54,948.28,0.0,,
2023-10-11,35.6,cams,0,13.0,5.26,0.8,25.28,19.7,68.08,948.07,0.0,,
2023-10-12,37.0,cams,0,8.0,5.91,0.0,26.23,20.7,62.92,948.62,0.0,,
2023-10-13,37.6,cams,0,10.0,6.03,3.3,25.66,20.7,61.5,948.95,0.0,,
2023-10-14,38.1,cams,0,19.0,3.73,0.5,26.13,20.5,57.04,948.91,0.0,,
2023-10-15,43.4,cams,0,19.0,6.2,1.5,25.52,20.4,62.33,947.67,0.1,,
2023-10-16,49.7,cams,0,11.0,5.02,0.4,25.13,20.0,64.83,947.48,0.0,,
2023-10-17,52.0,cams,0,13.0,6.94,3.7,24.88,20.2,64.88,948.74,0.4,,
2023-10-18,45.3,cams,0,26.0,5.93,2.0,24.83,19.7,64.04,949.5,0.0,,
2023-10-19,40.2,cams,0,15.0,6.38,1.5,25.74,20.0,55.38,949.11,0.0,,
2023-10-20,52.0,cams,0,23.0,6.25,1.5,25.78,20.4,53.88,949.09,0.0,,
2023-10-21,53.0,cams,0,16.0,6.79,2.3,24.77,20.4,65.54,949.63,0.3,,
2023-10-22,42.5,cams,0,19.0,6.19,1.8,24.83,19.1,57.54,949.73,0.0,,
2023-10-23,39.7,cams,0,13.0,5.84,1.3,25.35,18.8,51.54,948.71,0.0,,
2023-10-24,34.4,cams,0,28.0,6.81,3.0,24.81,18.9,52.67,948.34,0.0,,
2023-10-25,32.6,cams,0,35.0,7.46,2.9,24.23,18.7,52.25,949.64,0.0,,
2023-10-26,25.5,cams,0,101.0,6.92,3.1,24.08,17.9,47.08,949.85,0.0,,
2023-10-27,25.6,cams,0,29.0,8.38,2.4,23.77,16.8,44.0,948.55,0.0,,
2023-10-28,30.0,cams,0,25.0,7.15,2.9,23.75,16.9,45.5,948.28,0.0,,
2023-10-29,34.1,cams,0,34.0,8.31,2.8,23.4,16.9,46.96,947.91,0.0,,
2023-10-30,38.9,cams,0,35.0,7.77,3.5,23.61,18.2,47.5,947.84,0.0,,
2023-10-31,37.9,cams,0,102.0,8.42,4.2,23.46,18.4,49.88,948.54,0.0,,
2023-11-01,39.9,cams,0,9.0,9.12,5.8,23.25,17.6,54.29,949.15,0.0,,
2023-11-02,43.6,cams,0,13.0,7.49,3.1,23.22,17.9,55.62,948.34,0.0,,
2023-11-03,44.9,cams,0,15.0,7.44,3.7,23.82,17.7,52.21,946.93,0.0,,
2023-11-04,42.2,cams,0,36.0,7.69,2.8,24.12,17.6,49.88,946.74,0.0,,
2023-11-05,37.0,cams,0,40.0,8.57,3.8,24.34,18.9,47.75,948.13,0.0,,
2023-11-06,33.2,cams,0,22.0,9.0,2.7,23.93,18.4,45.5,949.19,0.0,,
2023-11-07,42.3,cams,0,23.0,9.57,5.8,23.83,17.9,46.54,949.0,0.0,,
2023-11-08,41.2,cams,0,23.0,7.2,2.6,24.82,19.3,50.25,948.61,0.0,,
2023-11-09,46.3,cams,0,21.0,7.47,2.6,25.26,19.7,54.62,948.96,0.0,,
2023-11-10,44.8,cams,0,48.0,5.92,1.8,24.32,19.3,67.71,950.19,3.4,,
2023-11-11,43.3,cams,0,118.0,7.5,2.8,25.06,19.0,60.62,950.77,0.0,,
2023-11-12,44.8,cams,0,42.0,7.68,2.9,24.74,19.1,51.54,950.89,0.0,,
2023-11-13,36.6,cams,0,41.0,6.95,2.6,24.2,18.2,49.17,950.13,0.0,,
2023-11-14,38.3,cams,0,58.0,7.99,2.3,23.51,18.3,49.04,949.41,0.0,,
2023-11-15,38.6,cams,0,57.0,7.04,0.4,22.98,17.5,48.79,949.15,0.0,,
2023-11-16,46.0,cams,0,93.0,7.09,2.9,22.82,16.6,51.33,949.36,0.0,,
2023-11-17,57.3,cams,0,47.0,6.66,2.7,22.25,16.1,55.58,949.23,0.0,,
2023-11-18,61.4,cams,0,57.0,8.03,1.3,22.55,17.1,58.42,948.62,0.0,,
2023-11-19,54.4,cams,0,29.0,8.0,1.0,24.0,17.0,58.83,948.65,0.0,,
2023-11-20,45.0,cams,0,60.0,8.12,2.6,25.0,20.7,56.17,949.34,0.0,,
2023-11-21,42.5,cams,0,98.0,8.43,3.6,23.71,19.2,56.17,949.12,0.0,,
2023-11-22,42.5,cams,0,70.0,7.27,1.6,22.51,16.3,58.21,948.09,0.0,,
2023-11-23,45.8,cams,0,45.0,6.45,1.9,22.58,17.1,61.62,946.51,0.0,,
2023-11-24,40.1,cams,0,36.0,9.36,3.8,23.53,19.1,69.54,947.05,0.0,,
2023-11-25,39.6,cams,0,53.0,9.05,3.9,23.47,19.0,71.5,948.48,0.1,,
2023-11-26,25.5,cams,0,32.0,9.33,3.7,22.33,19.1,78.96,948.27,15.1,,
2023-11-27,9.2,cams,0,25.0,7.52,1.5,21.35,18.4,86.79,947.15,4.4,,
2023-11-28,17.6,cams,0,20.0,6.68,1.1,21.55,18.2,81.83,946.24,1.4,,
2023-11-29,25.4,cams,0,25.0,9.47,5.6,21.17,17.6,82.42,946.91,0.1,,
2023-11-30,35.7,cams,0,22.0,7.14,3.3,21.31,16.7,83.0,947.35,1.3,,
2023-12-01,33.8,cams,0,40.0,7.9,4.1,21.31,18.0,79.54,947.18,0.1,,
2023-12-02,24.7,cams,0,42.0,11.05,5.2,22.46,18.7,78.17,947.0,0.3,,
2023-12-03,33.4,cams,0,38.0,10.0,4.5,22.91,18.6,77.88,947.6,0.1,,
2023-12-04,24.7,cams,0,14.0,7.01,4.8,22.84,19.1,76.04,946.8,0.0,,
2023-12-05,37.2,cams,0,30.0,9.65,6.2,22.21,18.3,76.92,946.08,0.1,,
2023-12-06,36.4,cams,0,54.0,9.65,4.6,21.06,17.4,81.25,946.7,0.8,,
2023-12-07,31.2,cams,0,88.0,6.19,0.8,20.83,16.9,76.04,947.07,0.2,,
2023-12-08,24.5,cams,0,81.0,7.28,1.9,21.14,16.9,73.08,947.77,0.0,,
2023-12-09,24.3,cams,0,86.0,7.55,1.3,21.3,16.9,73.75,948.95,0.0,,
2023-12-10,25.2,cams,0,94.0,7.29,1.8,21.46,16.7,71.58,948.0,0.0,,
2023-12-11,24.4,cams,0,91.0,7.25,1.8,21.63,16.7,68.25,948.0,0.0,,
2023-12-12,26.0,cams,0,118.0,6.84,3.1,21.08,15.4,70.75,946.86,0.0,,
2023-12-13,33.5,cams,0,102.0,6.7,2.5,20.98,15.4,67.46,947.73,0.0,,
2023-12-14,29.3,cams,0,75.0,9.33,6.5,21.12,16.3,66.29,949.27,0.0,,
2023-12-15,31.8,cams,0,71.0,9.3,5.1,20.22,16.1,65.75,949.94,0.0,,
2023-12-16,40.0,cams,0,68.0,7.17,4.8,19.51,14.2,64.29,949.31,0.0,,
2023-12-17,43.5,cams,0,88.0,9.85,5.9,19.78,14.3,63.92,949.07,0.0,,
2023-12-18,40.7,cams,0,68.0,13.41,9.6,20.13,15.3,63.75,950.34,0.0,,
2023-12-19,37.8,cams,0,32.0,13.74,9.1,20.07,16.4,60.0,951.05,0.0,,
2023-12-20,28.1,cams,0,24.0,13.56,7.9,19.53,14.6,55.5,950.65,0.0,,
2023-12-21,28.4,cams,0,36.0,11.33,7.2,20.62,15.7,55.12,949.67,0.0,,
2023-12-22,31.3,cams,0,48.0,8.39,2.6,21.01,16.4,60.21,949.43,0.0,,
2023-12-23,35.9,cams,0,120.0,7.58,4.0,20.88,13.5,57.79,949.91,0.0,,
2023-12-24,34.2,cams,0,88.0,10.18,6.6,21.17,16.0,50.71,951.45,0.0,,
2023-12-25,42.0,cams,0,82.0,8.85,4.5,21.45,15.7,57.46,951.17,0.0,,
2023-12-26,44.5,cams,0,76.0,6.92,1.1,21.97,15.9,53.29,950.91,0.0,,
2023-12-27,42.2,cams,0,94.0,6.08,2.2,21.7,15.3,57.33,951.12,0.0,,
2023-12-28,56.3,cams,0,110.0,7.53,2.3,22.11,16.2,62.83,949.6,0.0,,
2023-12-29,50.5,cams,0,100.0,5.99,0.0,22.05,16.5,62.79,949.48,0.0,,
2023-12-30,40.1,cams,0,65.0,6.8,3.7,21.9,15.6,62.29,949.04,0.0,,
2023-12-31,40.4,cams,0,72.0,6.22,2.1,21.94,16.3,60.12,948.43,0.0,,
2024-01-01,40.3,cams,0,70.0,6.79,1.9,21.74,16.0,63.83,948.56,0.0,,
2024-01-02,51.1,cams,0,114.0,6.94,2.6,21.56,15.7,64.83,947.8,0.0,,
2024-01-03,52.9,cams,0,111.0,7.59,2.1,21.05,15.1,68.92,947.09,0.0,,
2024-01-04,48.2,cams,0,48.0,7.76,4.5,20.36,15.3,66.42,947.09,0.0,,
2024-01-05,42.3,cams,0,57.0,7.57,1.5,19.9,13.4,68.29,947.52,0.0,,
2024-01-06,58.5,cams,0,55.0,8.68,2.0,20.96,15.9,71.29,948.28,0.5,,
2024-01-07,46.3,cams,0,71.0,10.22,4.9,21.5,16.4,68.71,948.47,0.6,,
2024-01-08,33.0,cams,0,116.0,11.34,4.4,22.3,17.0,64.21,948.79,0.0,,
2024-01-09,26.3,cams,0,16.0,9.28,5.5,22.7,18.1,62.29,948.98,0.4,,
2024-01-10,23.0,cams,0,16.0,7.56,3.1,21.25,17.5,76.42,949.25,6.0,,
2024-01-11,29.2,cams,0,71.0,6.99,2.5,22.67,17.7,70.79,949.72,0.0,,
2024-01-12,32.1,cams,0,88.0,7.75,2.9,23.29,17.7,64.0,949.55,0.0,,
2024-01-13,28.6,cams,0,157.0,7.53,0.7,23.21,16.5,63.58,949.94,0.0,,
2024-01-14,23.4,cams,0,154.0,7.91,2.4,22.06,16.4,56.54,949.97,0.0,,
2024-01-15,17.1,cams,0,93.0,7.07,1.9,19.59,14.0,44.58,948.78,0.0,,
2024-01-16,20.3,cams,0,76.0,6.44,2.3,19.48,12.2,54.17,946.51,0.0,,
2024-01-17,37.2,cams,0,96.0,6.73,0.0,19.51,13.0,59.79,945.8,0.0,,
2024-01-18,41.9,cams,0,105.0,6.68,1.3,19.16,12.1,61.12,947.12,0.0,,
2024-01-19,34.0,cams,0,128.0,7.73,5.1,19.97,13.0,57.67,947.35,0.0,,
2024-01-20,42.5,cams,0,101.0,8.25,3.1,20.25,13.6,63.12,948.32,0.0,,
2024-01-21,36.3,cams,0,82.0,7.41,2.1,19.91,13.9,56.62,949.1,0.0,,
2024-01-22,32.0,cams,0,62.0,9.1,4.2,20.52,14.1,47.88,949.5,0.0,,
2024-01-23,21.7,cams,0,138.0,7.17,3.9,19.04,12.1,44.0,949.26,0.0,,
2024-01-24,16.6,cams,0,155.0,10.39,6.3,18.15,11.3,39.62,949.54,0.0,,
2024-01-25,23.6,cams,0,122.0,9.25,3.3,18.6,12.0,43.17,950.64,0.0,,
2024-01-26,27.9,cams,0,55.0,8.08,1.9,20.31,12.8,42.96,951.52,0.0,,
2024-01-27,40.4,cams,0,93.0,8.38,1.3,21.05,13.3,50.33,951.78,0.0,,
2024-01-28,39.6,cams,0,98.0,6.15,0.5,22.04,15.6,45.21,951.07,0.0,,
2024-01-29,38.0,cams,0,139.0,6.68,2.4,21.59,14.2,43.17,950.7,0.0,,
2024-01-30,37.5,cams,0,122.0,6.66,2.5,21.15,13.1,51.62,949.54,0.0,,
2024-01-31,41.2,cams,0,20.0,7.5,1.1,20.97,13.8,53.17,949.04,0.0,,
2024-02-01,35.3,cams,0,94.0,7.88,1.8,20.37,13.1,57.04,949.78,0.0,,
2024-02-02,32.2,cams,0,78.0,6.41,2.7,20.76,13.7,58.46,950.36,0.0,,
2024-02-03,26.2,cams,0,139.0,8.98,6.1,22.18,14.9,51.71,950.84,0.0,,
2024-02-04,27.2,cams,0,201.0,7.68,3.9,23.65,16.2,48.96,951.4,0.0,,
2024-02-05,27.0,cams,0,71.0,8.65,2.8,23.69,16.3,48.42,951.27,0.0,,
2024-02-06,23.6,cams,0,73.0,7.41,1.5,23.71,16.2,50.12,951.17,0.0,,
2024-02-07,28.3,cams,0,64.0,7.8,2.0,23.0,15.9,55.71,951.73,0.0,,
2024-02-08,27.3,cams,0,95.0,7.01,0.8,21.79,15.5,54.5,951.13,0.0,,
2024-02-09,27.7,cams,0,163.0,8.76,1.1,22.23,15.5,49.0,950.11,0.0,,
2024-02-10,26.9,cams,0,124.0,8.11,1.6,22.18,15.0,45.92,950.78,0.0,,
2024-02-11,29.2,cams,0,148.0,6.83,1.6,21.8,13.6,44.04,950.88,0.0,,
2024-02-12,27.4,cams,0,77.0,7.12,0.7,22.07,14.2,45.0,950.34,0.0,,
2024-02-13,38.4,cams,0,95.0,9.25,1.0,22.77,15.3,33.75,950.4,0.0,,
2024-02-14,39.3,cams,0,104.0,7.28,2.0,22.75,15.3,41.42,950.36,0.0,,
2024-02-15,37.3,cams,0,141.0,7.73,3.0,23.37,15.0,44.33,949.68,0.0,,
2024-02-16,35.6,cams,0,103.0,8.66,1.5,25.39,18.6,43.0,950.25,0.0,,
2024-02-17,32.6,cams,0,156.0,6.57,1.1,25.58,18.7,36.0,948.75,0.0,,
2024-02-18,30.9,cams,0,135.0,7.35,2.9,24.72,17.1,33.92,947.52,0.0,,
2024-02-19,17.8,cams,0,166.0,11.04,3.1,24.42,16.4,32.46,948.08,0.0,,
2024-02-20,12.5,cams,0,274.0,11.17,6.1,23.63,17.3,39.58,948.49,0.0,,
2024-02-21,11.0,cams,0,94.0,11.37,5.4,22.05,16.7,59.75,947.81,0.0,,
2024-02-22,19.1,cams,0,95.0,11.74,7.2,21.95,17.5,58.54,948.3,0.0,,
2024-02-23,21.5,cams,0,110.0,8.23,3.6,21.31,14.0,47.21,948.19,0.0,,
2024-02-24,15.9,cams,0,191.0,8.62,5.2,21.37,13.4,30.08,947.72,0.0,,
2024-02-25,14.6,cams,0,275.0,8.28,5.2,21.47,12.2,26.04,946.94,0.0,,
2024-02-26,30.3,cams,0,109.0,8.86,1.8,24.87,17.2,34.42,947.05,0.0,,
2024-02-27,39.4,cams,0,123.0,7.17,1.5,25.88,18.9,39.67,948.5,0.1,,
2024-02-28,43.4,cams,0,112.0,5.76,1.0,26.12,19.8,40.12,948.43,0.0,,
2024-02-29,32.5,cams,0,106.0,6.43,1.1,27.15,19.8,37.38,947.98,0.0,,
2024-03-01,31.8,cams,0,146.0,7.33,1.3,26.85,21.0,40.62,948.63,0.0,,
2024-03-02,19.8,cams,0,,12.7,4.6,24.93,18.9,47.62,948.04,0.6,,
2024-03-03,14.2,cams,0,,16.85,9.8,22.32,16.8,65.88,947.96,0.0,,
2024-03-04,13.0,cams,0,,7.53,2.3,20.95,12.8,42.38,948.11,0.0,,
2024-03-05,20.1,cams,0,,10.88,5.1,22.73,13.8,30.46,948.07,0.0,,
2024-03-06,22.5,cams,0,,8.41,1.5,23.41,15.2,27.62,948.02,0.0,,
2024-03-07,20.2,cams,0,,9.31,3.7,24.23,15.4,29.08,947.92,0.0,,
2024-03-08,14.1,cams,0,,9.78,6.0,24.99,16.7,28.5,948.68,0.0,,
2024-03-09,14.8,cams,0,,8.34,2.5,24.98,16.8,29.58,948.48,0.0,,
2024-03-10,20.3,cams,0,,10.2,1.6,25.95,18.7,21.96,949.22,0.0,,
2024-03-11,24.3,cams,0,,9.73,0.8,26.45,18.2,30.46,950.53,0.0,,
2024-03-12,20.5,cams,0,,10.18,5.6,26.46,18.8,32.83,949.74,0.0,,
2024-03-13,23.6,cams,0,,11.26,6.8,25.64,18.9,37.88,948.91,0.0,,
2024-03-14,24.4,cams,0,,10.34,2.9,24.72,16.8,34.54,948.86,0.0,,
2024-03-15,23.5,cams,0,,8.21,1.5,24.19,14.7,35.5,947.73,0.0,,
2024-03-16,28.6,cams,0,,7.59,1.8,24.85,15.3,39.92,947.69,0.0,,
2024-03-17,28.3,cams,0,,9.08,1.3,25.86,16.8,34.0,947.95,0.0,,
2024-03-18,23.9,cams,0,,11.01,1.5,26.38,18.2,29.62,947.9,0.0,,
2024-03-19,22.0,cams,0,,12.32,6.2,26.49,18.0,29.17,948.09,0.0,,
2024-03-20,13.4,cams,0,,8.97,0.7,27.74,20.8,18.25,948.12,0.0,,
2024-03-21,19.7,cams,0,,8.41,2.7,27.15,19.4,21.42,946.74,0.0,,
2024-03-22,27.6,cams,0,,8.86,3.2,27.62,18.4,27.33,945.5,0.0,,
2024-03-23,31.0,cams,0,,9.09,0.8,27.9,18.2,29.46,945.75,0.0,,
2024-03-24,24.6,cams,0,,10.45,5.7,28.32,19.5,31.17,947.19,0.0,,
2024-03-25,25.8,cams,0,,9.83,1.9,29.05,20.4,31.79,947.7,0.0,,
2024-03-26,30.9,cams,0,,8.94,0.7,29.42,20.1,35.08,947.79,0.0,,
2024-03-27,30.7,cams,0,,7.86,2.5,30.03,21.1,35.71,948.9,0.0,,
2024-03-28,27.3,cams,0,,8.66,3.3,30.18,22.4,36.25,947.65,0.0,,
2024-03-29,32.9,cams,0,,9.0,1.1,30.1,22.8,37.12,946.94,0.0,,
2024-03-30,33.1,cams,0,,10.4,4.7,29.94,22.9,34.29,948.29,0.0,,
2024-03-31,27.8,cams,0,,10.53,2.1,29.88,22.7,28.75,949.18,0.0,,
2024-04-01,27.1,cams,0,,9.97,5.1,29.75,21.7,24.71,946.72,0.0,,
2024-04-02,31.9,cams,0,,10.41,1.1,29.35,19.7,27.5,945.12,0.0,,
2024-04-03,30.7,cams,0,,9.59,1.0,29.18,20.0,31.17,945.9,0.0,,
2024-04-04,24.6,cams,0,,11.16,4.3,29.22,21.8,30.0,946.69,0.0,,
2024-04-05,26.0,cams,0,,11.23,4.2,29.53,20.9,29.75,946.26,0.0,,
2024-04-06,18.9,cams,0,,12.99,8.0,30.38,24.2,25.46,945.71,0.0,,
2024-04-07,22.2,cams,0,,12.45,6.2,29.56,22.4,24.75,944.85,0.0,,
2024-04-08,13.4,cams,0,,6.89,0.7,28.62,19.6,20.88,945.3,0.0,,
2024-04-09,22.2,cams,0,,10.36,5.8,29.27,20.2,32.79,945.46,0.0,,
2024-04-10,23.2,cams,0,,9.26,0.8,29.3,21.0,33.21,945.62,0.0,,
2024-04-11,25.6,cams,0,,9.25,2.6,29.47,22.4,37.58,946.08,0.0,,
2024-04-12,23.4,cams,0,,12.64,4.1,29.52,23.9,34.88,945.95,0.0,,
2024-04-13,16.1,cams,0,,10.1,5.1,27.78,20.2,32.83,945.96,0.0,,
2024-04-14,14.3,cams,0,,6.98,1.5,28.83,19.8,45.79,947.0,0.0,,
2024-04-15,25.8,cams,0,,7.2,0.8,31.66,23.0,41.83,947.67,0.0,,
2024-04-16,21.7,cams,0,,8.86,5.4,33.28,26.4,29.42,946.85,0.0,,
2024-04-17,24.4,cams,0,,8.78,3.5,33.53,26.8,28.5,946.04,0.0,,
2024-04-18,29.9,cams,0,,9.6,2.3,32.74,25.0,35.5,945.35,0.0,,
2024-04-19,23.3,cams,0,,11.62,3.4,32.19,24.8,30.12,944.16,0.0,,
2024-04-20,25.6,cams,0,,12.2,3.3,31.19,25.1,34.54,944.38,0.0,,
2024-04-21,20.4,cams,0,,12.22,5.0,30.14,23.2,32.71,944.9,0.6,,
2024-04-22,25.4,cams,0,,10.31,3.7,30.13,23.9,33.46,945.47,0.1,,
2024-04-23,25.4,cams,0,,9.45,1.1,30.35,22.4,28.21,944.37,0.0,,
2024-04-24,25.1,cams,0,,8.36,0.0,30.55,22.0,32.25,943.79,0.0,,
2024-04-25,25.1,cams,0,,7.89,2.6,31.3,23.2,32.88,944.22,0.0,,
2024-04-26,34.1,cams,0,,10.12,2.9,31.19,25.3,31.67,944.55,0.0,,
2024-04-27,33.7,cams,0,,8.2,1.8,32.56,25.0,29.33,944.6,0.0,,
2024-04-28,18.5,cams,0,,9.45,1.8,33.15,26.1,25.21,944.85,0.0,,
2024-04-29,22.4,cams,0,,10.86,3.4,32.7,25.2,24.5,945.79,0.0,,
2024-04-30,20.6,cams,0,,12.57,6.0,32.47,24.9,20.79,944.59,0.0,,
2024-05-01,18.3,cams,0,,13.66,8.7,30.58,24.7,24.54,942.85,0.0,,
2024-05-02,20.0,cams,0,,10.93,6.9,29.66,22.1,26.12,942.9,0.0,,
2024-05-03,23.1,cams,0,,9.26,4.9,29.69,19.8,27.96,944.09,0.0,,
2024-05-04,22.5,cams,0,,11.37,5.8,30.46,20.9,34.25,945.05,0.0,,
2024-05-05,19.0,cams,0,,12.65,6.2,31.01,23.6,39.83,943.75,0.0,,
2024-05-06,15.4,cams,0,,13.8,7.9,30.31,25.0,41.46,944.19,0.0,,
2024-05-07,12.5,cams,0,,12.85,7.6,29.64,22.9,50.42,944.9,0.0,,
2024-05-08,12.0,cams,0,,10.54,6.1,29.46,20.9,55.17,944.47,0.0,,
2024-05-09,11.2,cams,0,,11.48,6.2,29.88,23.3,49.75,943.95,0.1,,
2024-05-10,11.0,cams,0,,10.4,1.9,29.13,23.9,57.25,945.06,5.0,,
2024-05-11,17.3,cams,0,,7.07,3.3,30.41,24.0,44.88,945.85,0.4,,
2024-05-12,24.2,cams,0,,6.78,1.1,30.15,24.6,45.54,946.1,0.8,,
2024-05-13,32.2,cams,0,,6.37,1.6,28.93,23.9,56.71,945.89,0.6,,
2024-05-14,30.3,cams,0,,7.24,1.8,29.97,23.9,51.21,945.51,1.5,,
2024-05-15,29.3,cams,0,,8.93,1.9,30.53,24.2,42.38,945.74,0.0,,
2024-05-16,31.7,cams,0,,6.03,0.8,30.65,24.1,41.71,945.88,0.9,,
2024-05-17,41.6,cams,0,,10.66,2.9,31.18,25.2,41.38,944.59,0.0,,
2024-05-18,39.0,cams,0,,8.66,3.5,31.35,23.5,47.96,942.7,0.1,,
2024-05-19,30.0,cams,0,,12.25,5.1,32.13,24.5,48.67,940.95,0.0,,
2024-05-20,25.2,cams,0,,13.11,6.7,32.34,24.9,45.62,941.05,0.0,,
2024-05-21,20.4,cams,0,,12.75,3.9,32.74,24.1,45.29,941.18,0.0,,
2024-05-22,24.2,cams,0,,11.6,4.3,32.62,24.9,40.92,940.79,0.0,,
2024-05-23,25.2,cams,0,,11.67,3.0,32.39,26.1,52.33,939.81,0.0,,
2024-05-24,16.6,cams,0,,15.78,9.9,31.55,25.3,48.5,939.35,0.0,,
2024-05-25,13.5,cams,0,,18.25,14.2,29.66,24.5,60.17,940.2,0.0,,
2024-05-26,15.7,cams,0,,18.74,13.7,29.52,25.0,64.08,940.98,0.0,,
2024-05-27,17.7,cams,0,,21.52,14.8,28.52,25.3,69.29,940.47,0.3,,
2024-05-28,16.9,cams,0,,23.52,18.5,28.85,24.8,65.83,940.65,0.0,,
2024-05-29,17.9,cams,0,,23.65,19.4,28.5,23.7,67.54,940.79,0.0,,
2024-05-30,14.3,cams,0,,18.26,13.5,28.9,23.5,64.67,942.25,0.0,,
2024-05-31,12.1,cams,0,,16.64,11.9,29.43,23.7,61.0,943.22,0.0,,
2024-06-01,10.7,cams,0,,15.44,12.3,29.38,23.7,62.29,943.02,0.0,,
2024-06-02,11.5,cams,0,,13.08,6.2,29.87,24.2,58.62,943.45,0.0,,
2024-06-03,15.0,cams,0,,11.72,6.5,29.14,24.2,61.88,943.76,2.4,,
2024-06-04,16.9,cams,0,,10.99,4.1,28.28,24.3,69.08,944.12,6.6,,
2024-06-05,15.1,cams,0,,11.73,7.6,28.17,24.5,71.42,944.24,3.8,,
2024-06-06,11.8,cams,0,,11.15,8.3,28.59,24.0,69.71,944.79,0.9,,
2024-06-07,17.7,cams,0,,10.21,4.5,27.43,23.9,75.33,943.15,6.2,,
2024-06-08,19.1,cams,0,,11.25,8.2,26.31,23.3,77.79,941.83,18.0,,
2024-06-09,16.5,cams,0,,12.51,8.1,26.34,23.9,77.96,941.48,2.7,,
2024-06-10,15.1,cams,0,,11.95,4.7,25.6,23.5,83.46,942.44,14.7,,
2024-06-11,14.2,cams,0,,14.58,11.0,25.51,23.6,83.62,942.89,4.5,,
2024-06-12,12.4,cams,0,,14.89,11.2,25.92,23.3,82.25,943.72,1.9,,
2024-06-13,10.7,cams,0,,14.54,10.6,25.92,23.1,81.21,943.3,1.3,,
2024-06-14,11.1,cams,0,,14.27,11.3,25.46,22.5,81.42,942.55,0.9,,
2024-06-15,12.3,cams,0,,12.67,8.6,25.9,22.8,78.83,942.0,4.4,,
2024-06-16,14.1,cams,0,,10.39,6.8,26.51,22.8,76.88,942.41,5.2,,
2024-06-17,17.9,cams,0,,11.0,8.9,25.92,23.2,82.21,942.71,13.4,,
2024-06-18,9.0,cams,0,,15.96,11.1,25.42,23.0,84.71,942.11,6.4,,
2024-06-19,7.9,cams,0,,18.15,12.6,24.77,23.1,86.04,940.25,2.6,,
2024-06-20,6.7,cams,0,,18.72,11.2,24.51,22.9,89.17,939.36,6.8,,
2024-06-21,11.2,cams,0,,18.25,11.7,25.62,22.9,83.92,939.82,2.3,,
2024-06-22,12.2,cams,0,,13.62,10.0,25.87,22.9,81.92,938.88,0.8,,
2024-06-23,14.8,cams,0,,10.84,5.0,25.15,23.0,87.25,938.05,20.6,,
2024-06-24,13.2,cams,0,,6.97,0.5,25.05,22.7,87.58,936.68,19.8,,
2024-06-25,13.7,cams,0,,8.95,4.4,26.08,23.2,83.5,935.61,10.5,,
2024-06-26,8.3,cams,0,,13.29,5.9,25.44,23.1,85.96,935.4,6.3,,
2024-06-27,9.3,cams,0,,18.49,11.5,24.68,23.1,89.21,937.25,8.5,,
2024-06-28,7.0,cams,0,,21.25,16.0,24.24,22.9,91.12,938.3,14.6,,
2024-06-29,8.8,cams,0,,18.19,11.4,24.72,22.7,88.17,939.62,2.6,,
2024-06-30,6.3,cams,0,,19.9,14.3,24.48,22.8,90.46,939.59,5.7,,
2024-07-01,7.0,cams,0,,25.23,20.0,23.84,22.3,92.17,938.23,11.3,,
2024-07-02,15.8,cams,0,,24.84,19.2,24.02,22.5,90.21,937.58,6.9,,
2024-07-03,8.5,cams,0,,21.29,13.0,24.17,22.4,91.54,938.83,3.3,,
2024-07-04,6.4,cams,0,,19.33,10.2,24.3,22.7,89.83,940.05,3.9,,
2024-07-05,7.6,cams,0,,20.1,13.5,24.16,22.4,90.21,938.35,5.3,,
2024-07-06,8.3,cams,0,,20.46,11.8,23.88,22.0,91.04,937.35,15.2,,
2024-07-07,12.3,cams,0,,16.46,11.2,24.61,22.3,87.12,938.65,2.7,,
2024-07-08,9.0,cams,0,,10.67,5.2,24.07,22.4,90.92,938.83,6.2,,
2024-07-09,8.4,cams,0,,10.79,6.3,24.23,21.8,89.08,939.62,24.7,,
2024-07-10,10.4,cams,0,,16.15,10.3,24.2,22.0,88.33,942.09,3.9,,
2024-07-11,7.0,cams,0,,16.41,12.0,23.43,21.4,92.21,941.43,26.1,,
2024-07-12,4.6,cams,0,,19.21,13.4,24.02,22.7,90.88,939.44,14.0,,
2024-07-13,3.4,cams,0,,18.85,15.1,23.46,22.7,93.62,938.7,46.9,,
2024-07-14,4.7,cams,0,,14.82,9.7,23.93,22.2,89.67,937.48,1.5,,
2024-07-15,9.8,cams,0,,13.12,7.8,24.58,22.2,86.92,937.22,3.2,,
2024-07-16,5.2,cams,0,,12.44,9.4,24.86,22.1,85.83,936.73,3.7,,
2024-07-17,5.5,cams,0,,16.45,12.7,24.06,22.0,89.96,938.09,4.5,,
2024-07-18,3.6,cams,0,,21.33,14.8,24.1,22.9,90.33,938.3,5.8,,
2024-07-19,4.6,cams,0,,21.43,12.3,23.87,22.5,90.0,936.65,9.8,,
2024-07-20,4.7,cams,0,,20.86,14.0,23.91,22.6,90.17,937.21,4.8,,
2024-07-21,5.7,cams,0,,21.7,16.3,23.91,22.9,92.21,937.48,8.7,,
2024-07-22,5.2,cams,0,,24.37,17.3,23.34,22.7,93.96,938.8,22.2,,
2024-07-23,3.6,cams,0,,25.05,19.8,23.35,23.0,93.92,939.35,21.1,,
2024-07-24,10.2,cams,0,,24.79,17.7,23.15,22.7,94.12,936.88,39.1,,
2024-07-25,13.6,cams,0,,22.29,16.2,23.03,22.1,91.92,936.43,29.6,,
2024-07-26,12.8,cams,0,,26.44,21.2,23.62,22.3,90.42,937.56,6.6,,
2024-07-27,10.1,cams,0,,24.02,16.4,23.53,22.5,91.04,938.4,7.2,,
2024-07-28,7.6,cams,0,,20.72,14.2,23.43,22.6,93.0,936.43,17.5,,
2024-07-29,5.6,cams,0,,21.71,13.4,23.85,22.6,90.21,935.4,18.0,,
2024-07-30,9.7,cams,0,,18.09,12.3,24.06,22.1,89.67,938.9,3.6,,
2024-07-31,7.8,cams,0,,17.99,13.0,24.27,22.3,89.58,941.07,8.6,,
2024-08-01,7.1,cams,0,,19.81,14.5,23.88,22.7,89.67,940.58,6.1,,
2024-08-02,3.7,cams,0,,23.93,18.0,23.52,22.1,89.33,939.83,10.3,,
2024-08-03,4.9,cams,0,,24.67,20.9,23.3,22.1,92.04,939.95,14.8,,
2024-08-04,5.2,cams,0,,22.08,17.5,23.15,22.3,93.5,940.44,17.8,,
2024-08-05,8.0,cams,0,,21.47,11.9,23.62,22.4,90.21,941.85,3.9,,
2024-08-06,7.1,cams,0,,20.27,14.3,24.05,22.3,87.33,942.08,3.2,,
2024-08-07,6.7,cams,0,,18.97,12.1,24.23,22.4,85.79,942.09,3.2,,
2024-08-08,6.6,cams,0,,16.35,10.8,23.68,22.1,87.38,943.17,2.9,,
2024-08-09,6.8,cams,0,,14.15,10.3,23.12,22.1,90.83,943.94,2.5,,
2024-08-10,7.2,cams,0,,16.25,10.2,24.03,22.0,86.71,943.78,3.9,,
2024-08-11,6.0,cams,0,,18.2,10.2,23.87,22.2,86.5,942.34,2.1,,
2024-08-12,6.3,cams,0,,15.21,10.5,23.93,22.1,87.83,942.28,5.5,,
2024-08-13,9.4,cams,0,,12.29,5.9,24.72,21.9,83.33,943.03,3.4,,
2024-08-14,10.1,cams,0,,8.67,5.8,24.58,21.4,83.62,943.05,1.3,,
2024-08-15,10.3,cams,0,,9.05,4.7,24.7,21.8,83.96,942.15,1.7,,
2024-08-16,11.6,cams,0,,10.76,5.3,24.85,21.7,82.67,941.29,1.8,,
2024-08-17,10.3,cams,0,,6.53,3.0,24.88,21.3,84.21,942.48,2.7,,
2024-08-18,9.9,cams,0,,3.68,0.8,25.06,23.3,88.67,943.25,16.1,,
2024-08-19,12.2,cams,0,,4.3,0.8,25.09,22.5,88.71,942.61,10.7,,
2024-08-20,14.5,cams,0,,5.41,1.9,24.41,22.7,91.88,942.08,28.7,,
2024-08-21,18.6,cams,0,,4.89,1.9,24.82,21.7,88.92,942.27,17.5,,
2024-08-22,27.6,cams,0,,4.9,0.5,24.79,22.2,89.62,941.68,23.9,,
2024-08-23,11.9,cams,0,,8.04,1.4,24.61,22.8,89.42,942.13,10.8,,
2024-08-24,4.0,cams,0,,14.23,4.7,23.17,22.0,93.5,941.68,21.2,,
2024-08-25,4.2,cams,0,,24.41,21.1,22.48,21.9,93.17,939.79,27.0,,
2024-08-26,6.7,cams,0,,26.36,19.9,22.47,21.1,93.58,938.42,20.7,,
2024-08-27,4.8,cams,0,,23.22,17.4,22.45,20.6,91.92,940.05,6.8,,
2024-08-28,5.9,cams,0,,21.9,17.2,22.55,21.2,93.62,940.89,10.3,,
2024-08-29,8.5,cams,0,13.0,20.14,12.5,23.23,21.4,90.54,940.76,4.6,,
2024-08-30,8.3,cams,0,7.0,14.35,7.6,23.59,21.8,89.21,942.06,1.7,,
2024-08-31,8.1,cams,0,2.0,11.37,6.2,24.18,21.8,85.21,943.27,1.4,,
2024-09-01,8.1,cams,0,0.0,14.25,8.0,23.98,21.4,83.75,942.67,0.5,,
2024-09-02,6.8,cams,0,0.0,15.05,11.9,22.56,21.3,94.04,941.05,19.8,,
2024-09-03,4.1,cams,0,2.0,14.63,9.9,23.4,21.5,89.88,941.82,4.1,,
2024-09-04,6.8,cams,0,7.0,15.9,9.0,23.94,22.1,87.17,942.81,2.4,,
2024-09-05,5.1,cams,0,4.0,15.1,10.1,23.63,22.3,90.33,941.43,8.0,,
2024-09-06,4.8,cams,0,0.0,16.98,12.8,23.85,22.4,88.25,942.32,4.6,,
2024-09-07,5.8,cams,0,9.0,14.79,10.0,24.07,22.3,86.54,943.22,2.6,,
2024-09-08,6.6,cams,0,5.0,13.45,10.3,24.11,22.1,86.04,943.32,1.9,,
2024-09-09,6.5,cams,0,17.0,13.73,10.9,23.91,22.2,86.79,941.14,3.6,,
2024-09-10,8.1,cams,0,0.0,15.07,11.8,24.16,22.1,84.92,940.28,1.6,,
2024-09-11,7.7,cams,0,0.0,16.86,11.7,24.0,22.0,85.96,941.18,1.6,,
2024-09-12,10.8,cams,0,15.0,16.69,10.3,23.39,21.7,87.88,942.88,0.9,,
2024-09-13,14.2,cams,0,13.0,16.18,10.5,23.18,21.3,85.33,943.37,2.0,,
2024-09-14,9.3,cams,0,8.0,15.37,10.6,22.64,20.7,86.83,943.02,2.3,,
2024-09-15,8.3,cams,0,12.0,13.45,8.1,22.88,20.7,86.0,943.55,1.3,,
2024-09-16,13.3,cams,0,16.0,11.08,7.0,23.83,20.6,81.25,944.45,0.4,,
2024-09-17,15.9,cams,0,10.0,9.85,5.5,22.75,19.1,82.04,944.48,1.0,,
2024-09-18,20.2,cams,0,5.0,8.65,5.2,23.38,19.6,80.67,942.92,0.3,,
2024-09-19,22.1,cams,0,16.0,6.95,4.4,23.72,20.4,84.33,943.5,7.6,,
2024-09-20,17.9,cams,0,16.0,8.24,4.2,24.04,20.9,85.04,943.69,1.3,,
2024-09-21,19.2,cams,0,3.0,8.67,4.3,24.43,21.3,82.5,944.52,0.2,,
2024-09-22,23.8,cams,0,6.0,8.7,5.2,24.24,21.2,86.12,943.93,3.6,,
2024-09-23,28.9,cams,0,0.0,7.42,3.1,24.55,22.4,89.04,942.99,10.0,,
2024-09-24,16.5,cams,0,2.0,6.24,1.8,24.59,21.9,88.17,941.12,12.4,,
2024-09-25,9.0,cams,0,1.0,6.01,2.6,23.91,22.0,91.88,940.35,39.5,,
2024-09-26,8.6,cams,0,0.0,8.12,0.7,23.2,22.3,94.12,939.2,50.2,,
2024-09-27,3.8,cams,0,0.0,15.18,6.7,22.98,22.0,94.12,939.99,11.3,,
2024-09-28,4.9,cams,0,2.0,17.15,8.9,23.65,22.0,89.12,943.37,46.7,,
2024-09-29,8.8,cams,0,9.0,12.53,3.8,23.84,21.5,88.79,945.83,1.3,,
2024-09-30,15.5,cams,0,20.0,7.44,4.7,24.58,21.3,86.67,946.41,1.7,,
2024-10-01,35.5,cams,0,20.0,3.98,1.0,25.54,21.1,82.33,944.86,0.2,,
2024-10-02,33.5,cams,0,10.0,6.62,2.9,25.29,21.5,83.29,945.3,2.5,,
2024-10-03,21.3,cams,0,3.0,9.05,5.8,24.89,22.1,83.75,945.42,0.4,,
2024-10-04,10.9,cams,0,20.0,8.27,5.2,24.33,21.5,85.67,945.35,1.0,,
2024-10-05,11.0,cams,0,16.0,3.91,0.3,24.37,20.7,81.08,945.9,0.2,,
2024-10-06,31.2,cams,0,11.0,8.26,2.3,24.3,20.2,81.71,946.38,2.2,,
2024-10-07,32.9,cams,0,15.0,10.4,5.7,25.39,21.5,74.08,947.25,0.2,,
2024-10-08,30.8,cams,0,15.0,7.64,4.2,25.49,21.1,67.54,947.35,0.0,,
2024-10-09,40.8,cams,0,10.0,8.05,2.7,24.15,22.1,83.12,945.73,9.1,,
2024-10-10,19.0,cams,0,8.0,12.37,4.9,23.7,21.1,86.21,944.21,8.9,,
2024-10-11,11.3,cams,0,14.0,13.35,2.9,23.47,21.5,88.71,943.92,12.3,,
2024-10-12,10.8,cams,0,4.0,11.03,2.9,24.03,21.4,87.75,944.69,7.1,,
2024-10-13,13.3,cams,0,3.0,8.54,0.6,24.08,21.3,87.88,945.62,5.7,,
2024-10-14,10.9,cams,0,8.0,8.43,2.8,24.04,20.9,86.67,946.06,2.3,,
2024-10-15,16.5,cams,0,12.0,7.3,1.5,24.64,21.1,85.0,946.07,0.4,,
2024-10-16,26.6,cams,0,7.0,7.25,3.9,24.99,21.0,83.58,945.5,1.0,,
2024-10-17,38.5,cams,0,6.0,7.85,2.3,24.55,21.7,84.0,944.95,0.0,,
2024-10-18,20.1,cams,0,0.0,12.25,4.5,25.2,22.3,82.75,945.02,6.4,,
2024-10-19,12.3,cams,0,1.0,8.35,2.1,23.72,21.3,88.75,946.65,14.9,,
2024-10-20,12.5,cams,0,4.0,7.67,1.7,22.93,20.8,90.25,947.47,19.7,,
2024-10-21,11.3,cams,0,9.0,8.19,5.0,23.12,20.3,87.58,947.57,12.2,,
2024-10-22,15.6,cams,0,14.0,6.93,1.5,23.65,20.3,85.88,947.44,0.9,,
2024-10-23,28.1,cams,0,17.0,7.76,5.0,24.23,20.8,81.79,947.39,0.2,,
2024-10-24,47.7,cams,0,16.0,7.12,4.6,23.58,19.3,76.71,947.04,0.0,,
2024-10-25,37.1,cams,0,16.0,5.76,1.0,23.16,18.2,64.5,946.49,0.0,,
2024-10-26,34.3,cams,0,21.0,5.29,2.2,22.99,17.5,69.42,946.63,0.0,,
2024-10-27,37.7,cams,0,37.0,9.07,0.4,23.9,17.2,67.83,945.37,0.0,,
2024-10-28,36.3,cams,0,154.0,5.24,1.6,24.04,18.1,67.25,943.93,0.0,,
2024-10-29,39.5,cams,0,18.0,6.27,0.4,24.78,19.8,63.75,945.22,0.0,,
2024-10-30,34.1,cams,0,20.0,5.05,1.6,24.26,19.1,67.46,946.46,0.0,,
2024-10-31,26.6,cams,0,20.0,8.33,5.1,24.55,19.7,66.33,947.47,0.0,,
2024-11-01,30.3,cams,0,22.0,8.65,5.0,24.55,19.5,62.46,948.67,0.0,,
2024-11-02,27.7,cams,0,108.0,7.32,4.5,24.22,18.3,57.62,948.93,0.0,,
2024-11-03,35.6,cams,0,0.0,7.69,5.5,23.77,18.1,62.71,948.68,0.0,,
2024-11-04,44.8,cams,0,0.0,8.1,4.6,23.91,18.5,60.79,947.79,0.0,,
2024-11-05,46.3,cams,0,0.0,6.81,1.9,23.8,18.3,61.33,948.38,0.0,,
2024-11-06,35.1,cams,0,17.0,6.72,2.7,23.45,18.2,57.12,949.08,0.0,,
2024-11-07,45.7,cams,0,53.0,7.19,2.0,22.66,15.9,59.62,948.77,0.0,,
2024-11-08,49.5,cams,0,28.0,9.25,5.2,22.78,16.9,62.08,948.62,0.0,,
2024-11-09,47.1,cams,0,26.0,8.67,4.2,22.87,16.5,59.54,948.71,0.0,,
2024-11-10,48.3,cams,0,27.0,8.5,3.1,22.71,16.4,53.67,948.82,0.0,,
2024-11-11,50.9,cams,0,38.0,8.57,3.8,22.48,15.9,53.92,948.5,0.0,,
2024-11-12,34.5,cams,0,53.0,10.04,5.6,22.54,15.9,55.17,947.98,0.0,,
2024-11-13,37.9,cams,0,87.0,10.74,6.9,22.97,16.5,50.21,946.86,0.0,,
2024-11-14,35.7,cams,0,16.0,9.38,5.3,23.65,17.4,54.58,947.9,0.0,,
2024-11-15,50.1,cams,0,12.0,9.17,3.6,24.83,19.6,56.92,948.63,0.0,,
2024-11-16,51.7,cams,0,16.0,7.56,1.3,25.03,19.6,56.88,947.88,0.0,,
2024-11-17,41.2,cams,0,61.0,9.12,1.7,24.43,19.1,55.33,947.96,0.0,,
2024-11-18,38.9,cams,0,72.0,10.07,7.1,22.96,17.6,48.58,948.58,0.0,,
2024-11-19,51.4,cams,0,28.0,9.85,6.7,22.11,16.3,49.67,949.28,0.0,,
2024-11-20,48.9,cams,0,44.0,10.22,7.8,21.7,16.1,50.54,948.64,0.0,,
2024-11-21,56.3,cams,0,32.0,8.5,5.2,21.82,16.1,53.08,948.11,0.0,,
2024-11-22,61.8,cams,0,62.0,8.6,4.8,21.75,15.2,55.08,947.67,0.0,,
2024-11-23,65.7,cams,0,92.0,7.15,0.6,22.22,16.0,53.25,948.34,0.0,,
2024-11-24,82.3,cams,0,55.0,8.35,3.6,22.09,16.3,55.5,948.72,0.0,,
2024-11-25,60.2,cams,0,51.0,11.26,8.9,21.36,15.4,51.71,948.63,0.0,,
2024-11-26,39.2,cams,0,42.0,11.86,8.6,20.96,14.7,48.58,948.45,0.0,,
2024-11-27,33.5,cams,0,56.0,11.87,7.5,20.75,14.3,48.38,947.7,0.0,,
2024-11-28,31.5,cams,0,127.0,14.0,9.5,20.68,14.6,42.21,947.63,0.0,,
2024-11-29,30.2,cams,0,91.0,12.31,9.4,20.03,14.1,44.96,947.63,0.0,,
2024-11-30,44.8,cams,0,19.0,10.64,7.7,20.09,13.7,48.33,946.41,0.0,,
2024-12-01,62.3,cams,0,33.0,9.0,6.9,21.6,15.3,56.79,944.95,0.0,,
2024-12-02,43.7,cams,0,33.0,10.23,6.6,23.47,18.4,61.12,945.04,0.0,,
2024-12-03,32.8,cams,0,19.0,11.57,7.2,24.38,20.0,67.46,946.78,0.7,,
2024-12-04,21.3,cams,0,80.0,11.71,5.7,24.88,21.4,71.62,947.6,0.3,,
2024-12-05,24.1,cams,0,30.0,7.7,2.1,24.59,20.4,76.42,948.18,0.8,,
2024-12-06,25.3,cams,0,41.0,5.6,2.3,24.86,20.5,70.71,947.6,0.0,,
2024-12-07,26.7,cams,0,43.0,5.91,0.9,23.15,18.2,61.08,946.67,0.0,,
2024-12-08,23.4,cams,0,103.0,7.28,4.8,20.43,15.0,49.08,946.38,0.0,,
2024-12-09,23.0,cams,0,112.0,9.36,5.6,18.91,13.0,48.75,947.36,0.0,,
2024-12-10,18.6,cams,0,86.0,11.22,9.1,18.68,12.8,51.29,947.84,0.0,,
2024-12-11,24.2,cams,0,103.0,8.04,0.2,20.27,13.9,56.62,948.05,0.0,,
2024-12-12,26.6,cams,0,105.0,7.9,0.7,20.7,14.6,61.33,947.64,0.0,,
2024-12-13,25.1,cams,0,73.0,12.13,9.2,19.49,14.2,56.83,948.61,0.0,,
2024-12-14,32.6,cams,0,157.0,13.4,11.7,18.8,12.7,52.21,949.45,0.0,,
2024-12-15,23.4,cams,0,163.0,12.72,11.4,19.05,13.0,49.5,950.14,0.0,,
2024-12-16,16.3,cams,0,121.0,11.49,9.6,19.71,13.1,43.75,948.75,0.0,,
2024-12-17,22.8,cams,0,108.0,8.66,2.0,20.34,12.9,45.0,947.29,0.0,,
2024-12-18,30.9,cams,0,111.0,8.75,1.6,20.63,13.6,48.17,946.73,0.0,,
2024-12-19,44.0,cams,0,144.0,7.43,2.0,20.67,13.0,46.92,946.27,0.0,,
2024-12-20,67.4,cams,0,129.0,4.66,0.2,21.11,14.9,58.88,946.0,0.0,,
2024-12-21,87.9,cams,0,81.0,5.31,0.9,21.66,15.9,61.42,946.27,0.0,,
2024-12-22,80.5,cams,0,56.0,7.29,1.1,20.89,15.1,76.71,946.69,0.0,,
2024-12-23,65.7,cams,0,49.0,8.79,3.0,21.01,17.6,76.54,946.98,0.2,,
2024-12-24,88.0,cams,0,73.0,7.44,1.9,21.22,16.8,69.67,947.55,0.0,,
2024-12-25,90.9,cams,0,112.0,6.57,0.9,22.23,17.2,68.38,948.62,0.0,,
2024-12-26,61.7,cams,0,57.0,8.55,4.0,22.59,18.2,71.25,950.33,0.1,,
2024-12-27,59.3,cams,0,33.0,8.9,3.3,22.49,18.2,74.29,950.19,0.7,,
2024-12-28,67.7,cams,0,52.0,6.5,1.0,22.17,19.1,75.08,950.49,1.0,,
2024-12-29,46.1,cams,0,61.0,7.76,1.1,22.18,17.4,74.67,950.93,0.1,,
2024-12-30,46.7,cams,0,107.0,7.89,2.4,22.86,18.2,72.96,951.07,0.0,,
2024-12-31,47.5,cams,0,110.0,7.34,1.5,22.78,18.1,71.79,951.24,0.0,,
2025-01-01,55.5,cams,0,66.0,8.08,5.2,22.42,17.7,71.21,950.15,0.0,,
2025-01-02,28.4,cams,0,78.0,8.49,5.8,22.07,15.7,63.46,950.17,0.0,,
2025-01-03,19.8,cams,0,107.0,9.45,6.2,21.82,15.6,54.12,950.23,0.0,,
2025-01-04,15.5,cams,0,138.0,9.36,5.7,21.65,14.6,46.33,948.6,0.0,,
2025-01-05,27.8,cams,0,120.0,5.91,1.1,21.98,15.8,45.21,947.8,0.0,,
2025-01-06,49.6,cams,0,90.0,7.0,1.6,21.49,15.5,55.88,947.82,0.0,,
2025-01-07,45.5,cams,0,105.0,10.32,5.7,20.22,15.0,59.62,948.73,0.0,,
2025-01-08,42.8,cams,0,86.0,10.17,4.2,19.46,13.1,59.62,948.32,0.0,,
2025-01-09,35.7,cams,0,126.0,11.4,9.1,19.96,13.3,53.54,948.62,0.0,,
2025-01-10,45.4,cams,0,156.0,7.68,0.7,20.63,13.2,49.29,949.48,0.0,,
2025-01-11,66.1,cams,0,83.0,6.31,0.5,21.12,14.7,57.83,949.03,0.0,,
2025-01-12,68.6,cams,0,76.0,6.16,1.9,21.35,15.4,60.92,949.34,0.0,,
2025-01-13,67.6,cams,0,56.0,10.6,2.2,21.0,15.5,67.08,948.91,0.0,,
2025-01-14,57.2,cams,0,88.0,9.81,1.0,22.09,15.1,63.33,948.71,0.0,,
2025-01-15,51.6,cams,0,87.0,9.73,0.6,23.48,18.6,59.83,949.36,0.0,,
2025-01-16,66.8,cams,0,127.0,5.66,2.1,22.9,17.0,64.21,949.75,0.1,,
2025-01-17,57.7,cams,0,78.0,12.38,9.8,22.32,17.1,64.33,949.53,0.0,,
2025-01-18,40.4,cams,0,103.0,12.48,10.2,21.89,16.3,54.12,948.95,0.0,,
2025-01-19,48.6,cams,0,132.0,8.67,3.1,22.19,15.5,50.33,949.32,0.0,,
2025-01-20,42.5,cams,0,161.0,8.73,0.9,22.5,15.9,50.33,948.62,0.0,,
2025-01-21,41.2,cams,0,180.0,7.32,2.3,22.89,15.9,49.29,947.37,0.0,,
2025-01-22,44.8,cams,0,119.0,8.62,5.2,23.5,16.5,51.29,946.96,0.0,,
2025-01-23,48.7,cams,0,122.0,7.07,3.1,23.21,17.0,52.54,946.96,0.0,,
2025-01-24,41.1,cams,0,100.0,8.75,0.8,23.68,17.0,54.21,946.8,0.0,,
2025-01-25,45.0,cams,0,143.0,8.52,3.2,24.69,17.5,56.62,947.8,0.0,,
2025-01-26,43.1,cams,0,170.0,6.25,1.1,25.25,17.9,55.08,947.6,0.0,,
2025-01-27,34.4,cams,0,133.0,5.87,1.3,25.1,17.8,49.5,946.51,0.0,,
2025-01-28,37.1,cams,0,79.0,6.51,1.9,25.23,18.3,45.04,946.41,0.0,,
2025-01-29,40.1,cams,0,118.0,6.9,0.4,25.23,18.1,36.25,947.82,0.0,,
2025-01-30,41.9,cams,0,85.0,6.89,0.2,24.43,17.2,40.38,946.71,0.0,,
2025-01-31,29.4,cams,0,178.0,7.47,1.4,23.58,17.3,38.71,946.15,0.0,,
2025-02-01,28.0,cams,0,229.0,7.13,1.5,22.69,16.1,39.21,946.89,0.0,,
2025-02-02,34.2,cams,0,126.0,7.07,0.4,23.76,16.8,41.04,947.44,0.0,,
2025-02-03,40.6,cams,0,113.0,6.48,1.0,24.8,18.9,43.0,947.67,0.0,,
2025-02-04,41.9,cams,0,168.0,8.3,1.5,24.25,18.2,40.83,948.32,0.0,,
2025-02-05,31.4,cams,0,177.0,7.64,3.2,23.32,16.8,35.04,947.79,0.0,,
2025-02-06,32.0,cams,0,306.0,9.84,2.8,23.83,17.2,46.21,947.58,0.0,,
2025-02-07,42.3,cams,0,121.0,9.97,4.0,24.77,17.8,47.58,948.87,0.0,,
2025-02-08,47.8,cams,0,138.0,7.14,1.8,25.56,18.5,47.17,948.66,0.0,,
2025-02-09,49.8,cams,0,139.0,7.47,0.6,26.24,19.5,43.62,948.05,0.0,,
2025-02-10,40.9,cams,0,164.0,6.08,0.6,26.39,20.2,36.08,948.82,0.0,,
2025-02-11,38.8,cams,0,207.0,7.73,0.2,25.4,19.3,34.92,949.18,0.0,,
2025-02-12,35.6,cams,0,172.0,6.51,1.9,24.3,16.4,33.46,949.45,0.0,,
2025-02-13,19.6,cams,0,195.0,7.11,3.1,24.22,16.9,35.75,949.43,0.0,,
2025-02-14,21.9,cams,0,168.0,6.87,3.4,24.57,16.9,37.71,949.27,0.0,,
2025-02-15,22.7,cams,0,200.0,5.88,0.3,25.23,18.0,31.42,948.08,0.0,,
2025-02-16,23.3,cams,0,309.0,7.65,1.0,25.35,18.2,28.29,948.08,0.0,,
2025-02-17,17.7,cams,0,264.0,6.97,0.6,26.34,19.2,28.38,949.05,0.0,,
2025-02-18,21.0,cams,0,168.0,8.27,1.1,26.19,19.4,33.38,948.95,0.0,,
2025-02-19,39.0,openaq,4,177.0,7.71,2.5,25.52,18.4,33.33,947.94,0.0,,
2025-02-20,45.2,openaq,4,215.0,6.71,1.6,25.88,18.4,31.62,948.56,0.0,,
2025-02-21,51.6,openaq,3,228.0,7.56,3.5,26.32,19.3,27.46,950.15,0.0,,
2025-02-22,50.8,openaq,3,354.0,7.7,3.5,26.47,18.6,28.54,950.46,0.0,,
2025-02-23,51.2,openaq,3,229.0,6.62,2.3,26.39,19.5,27.54,950.61,0.0,,
2025-02-24,53.0,openaq,3,289.0,7.54,4.0,26.2,19.1,26.42,950.65,0.0,,
2025-02-25,62.8,openaq,4,181.0,7.35,3.8,26.15,18.9,29.88,951.26,0.0,,
2025-02-26,71.3,openaq,4,312.0,10.28,5.4,26.5,19.7,32.17,951.51,0.0,,
2025-02-27,66.5,openaq,4,279.0,7.78,0.8,27.38,20.4,33.04,949.86,0.0,,
2025-02-28,63.7,openaq,3,160.0,6.61,0.2,27.85,20.8,33.71,948.34,0.0,,
2025-03-01,73.7,openaq,4,181.0,8.32,0.4,27.97,21.9,34.25,947.82,0.0,,
2025-03-02,42.1,openaq,3,,9.83,0.6,27.17,20.9,30.96,947.36,0.0,,
2025-03-03,54.7,openaq,4,,10.9,2.6,27.88,20.3,27.88,947.96,0.0,,
2025-03-04,42.0,openaq,4,,8.72,2.1,27.37,20.3,31.17,948.51,0.0,,
2025-03-05,48.8,openaq,4,,11.25,6.6,25.52,19.4,25.33,948.92,0.0,,
2025-03-06,44.6,openaq,3,,7.32,1.6,25.31,16.6,18.12,948.82,0.0,,
2025-03-07,48.5,openaq,3,,6.79,3.5,26.85,18.6,19.04,947.19,0.0,,
2025-03-08,50.5,openaq,3,,7.85,2.8,27.97,19.2,19.62,945.44,0.0,,
2025-03-09,54.3,openaq,3,,5.25,0.2,28.46,20.9,23.75,945.96,0.0,,
2025-03-10,63.5,openaq,2,,10.66,3.5,28.88,21.7,26.96,948.23,0.0,,
2025-03-11,81.0,openaq,2,,8.89,3.9,29.84,22.6,28.67,948.88,0.0,,
2025-03-12,72.9,openaq,2,,4.55,0.4,30.11,22.7,27.58,947.15,0.0,,
2025-03-13,71.6,openaq,2,,9.67,2.1,30.03,22.7,27.58,946.38,0.0,,
2025-03-14,50.8,openaq,3,,9.04,2.3,29.54,22.1,20.75,946.68,0.0,,
2025-03-15,31.9,openaq,2,,8.78,1.5,29.54,22.0,22.67,947.25,0.0,,
2025-03-16,32.4,openaq,2,,8.62,0.2,28.81,22.7,25.29,947.65,0.0,,
2025-03-17,41.8,openaq,3,,10.54,5.0,28.54,23.2,25.83,947.71,0.0,,
2025-03-18,52.5,openaq,3,,8.82,1.8,28.3,20.6,27.92,946.79,0.0,,
2025-03-19,53.8,openaq,3,,8.22,0.4,28.22,20.8,23.96,947.73,0.0,,
2025-03-20,38.7,openaq,3,,8.89,2.1,27.49,21.0,22.75,949.29,0.0,,
2025-03-21,32.9,openaq,4,,9.98,1.6,26.96,20.6,27.67,949.47,0.0,,
2025-03-22,39.9,openaq,3,,6.08,0.7,27.28,18.8,24.29,948.58,0.0,,
2025-03-23,47.2,openaq,3,,6.67,1.9,28.8,20.0,21.29,948.75,0.0,,
2025-03-24,51.5,openaq,3,,7.68,1.4,29.58,22.3,22.88,948.73,0.0,,
2025-03-25,64.4,openaq,3,,7.33,1.5,29.5,21.9,25.58,946.03,0.0,,
2025-03-26,56.3,openaq,4,,8.73,0.8,28.96,22.1,30.75,944.73,0.0,,
2025-03-27,30.5,openaq,3,,10.75,5.0,27.55,21.3,36.92,945.63,0.0,,
2025-03-28,36.4,openaq,3,,8.77,3.1,28.8,20.9,35.71,945.15,0.0,,
2025-03-29,59.0,openaq,4,,9.9,1.5,30.67,23.4,18.42,944.67,0.0,,
2025-03-30,60.7,openaq,4,,9.13,0.9,31.41,24.1,18.33,945.17,0.0,,
2025-03-31,70.5,openaq,4,,7.5,0.9,31.98,26.8,18.88,945.46,0.0,,
2025-04-01,71.4,openaq,3,,6.74,0.8,30.57,25.4,25.46,944.98,0.1,,
2025-04-02,66.2,openaq,4,,7.36,1.0,28.86,24.4,40.38,945.62,1.2,,
2025-04-03,57.8,openaq,3,,6.1,1.7,27.99,22.1,47.96,947.44,5.9,,
2025-04-04,63.6,openaq,3,,8.54,2.1,27.97,21.6,53.79,948.4,0.0,,
2025-04-05,44.5,openaq,3,,9.35,2.8,30.26,21.9,26.33,946.9,0.0,,
2025-04-06,43.8,openaq,4,,10.15,1.9,31.77,24.3,18.46,945.98,0.0,,
2025-04-07,45.1,openaq,4,,9.73,3.7,31.68,23.0,20.04,946.0,0.0,,
2025-04-08,39.0,openaq,4,,10.04,0.4,33.06,24.7,16.0,946.56,0.0,,
2025-04-09,30.7,cams,0,,13.33,6.4,32.84,26.5,17.83,945.75,0.0,,
2025-04-10,30.8,cams,0,,10.68,3.5,30.11,23.6,34.08,944.02,0.0,,
2025-04-11,21.0,cams,0,,13.88,7.7,28.95,22.9,33.83,943.6,0.0,,
2025-04-12,42.8,openaq,2,,13.53,8.5,27.75,20.9,52.71,945.14,0.0,,
2025-04-13,31.7,openaq,2,,11.4,4.1,28.74,21.0,47.96,946.62,0.0,,
2025-04-14,21.5,cams,0,,12.16,4.1,30.27,23.1,29.04,945.83,0.0,,
2025-04-15,20.3,cams,0,,12.05,5.1,31.07,24.7,24.62,945.13,0.0,,
2025-04-16,18.8,cams,0,,11.72,5.1,30.79,23.8,29.54,944.83,0.0,,
2025-04-17,38.2,openaq,3,,12.44,6.4,30.34,23.5,34.67,944.49,0.0,,
2025-04-18,31.7,openaq,3,,12.23,6.1,30.33,23.0,37.21,944.1,0.0,,
2025-04-19,36.3,openaq,3,,13.35,7.0,30.48,24.6,33.17,944.5,0.0,,
2025-04-20,44.5,openaq,3,,11.99,6.0,29.5,22.6,37.42,944.84,0.0,,
2025-04-21,42.8,openaq,3,,10.1,3.4,30.55,22.5,36.25,946.4,0.0,,
2025-04-22,44.7,openaq,4,,9.47,1.9,32.2,24.2,27.12,946.85,0.0,,
2025-04-23,48.8,openaq,3,,9.84,1.4,32.34,24.5,22.71,945.52,0.0,,
2025-04-24,54.1,openaq,3,,11.27,5.0,31.72,25.5,26.33,944.37,0.0,,
2025-04-25,51.6,openaq,3,,10.59,5.5,30.78,24.0,28.62,944.76,0.0,,
2025-04-26,36.5,openaq,3,,11.12,7.6,30.86,24.3,28.67,944.62,0.0,,
2025-04-27,36.2,openaq,4,,10.27,4.4,30.85,21.8,35.5,945.08,0.0,,
2025-04-28,49.6,openaq,3,,11.17,5.2,30.78,22.9,36.46,944.03,0.0,,
2025-04-29,47.2,openaq,3,,11.63,4.8,31.05,23.2,40.88,943.44,0.0,,
2025-04-30,34.7,openaq,3,,13.21,8.2,30.65,23.6,37.29,944.51,0.0,,
2025-05-01,32.1,openaq,2,,13.56,5.6,31.84,25.6,28.08,945.05,0.0,,
2025-05-02,26.5,openaq,2,,12.89,3.2,31.66,24.7,24.75,945.2,0.0,,
2025-05-03,23.4,openaq,2,,13.66,4.0,29.64,23.7,36.04,944.58,0.0,,
2025-05-04,28.3,openaq,2,,14.47,10.1,27.57,21.9,57.62,944.14,0.0,,
2025-05-05,33.0,openaq,2,,11.74,5.0,28.25,22.4,59.12,944.12,0.1,,
2025-05-06,31.4,openaq,2,,14.54,9.3,26.24,21.7,65.33,944.59,0.5,,
2025-05-07,17.8,openaq,2,,15.25,10.5,25.5,21.4,67.46,943.44,0.8,,
2025-05-08,18.5,openaq,4,,13.84,6.4,24.68,21.4,73.92,943.42,3.8,,
2025-05-09,17.8,openaq,3,,10.26,6.0,25.45,20.7,70.29,944.7,2.2,,
2025-05-10,16.5,openaq,3,,8.12,1.6,27.03,21.7,68.0,944.85,0.0,,
2025-05-11,21.9,openaq,4,,6.58,0.2,27.66,22.3,67.29,944.5,1.4,,
2025-05-12,24.4,openaq,3,,6.2,2.3,27.3,23.2,70.42,943.7,5.6,,
2025-05-13,23.8,openaq,2,,5.25,1.0,26.21,23.0,77.12,943.7,12.7,,
2025-05-14,38.5,openaq,4,,4.98,1.5,26.19,22.4,79.71,944.06,1.9,,
2025-05-15,25.9,openaq,3,,5.54,1.2,26.41,23.3,80.29,944.1,3.7,,
2025-05-16,24.4,openaq,3,,7.51,4.6,25.67,23.0,84.12,943.79,19.6,,
2025-05-17,25.9,openaq,3,,7.87,4.7,26.5,23.1,79.67,943.46,4.3,,
2025-05-18,25.6,openaq,4,,6.52,2.8,26.82,22.9,77.62,942.96,4.1,,
2025-05-19,28.2,openaq,4,,5.12,0.6,26.6,23.3,81.08,941.99,7.4,,
2025-05-20,42.2,openaq,2,,6.65,4.7,26.88,24.1,82.5,941.34,15.0,,
2025-05-21,29.9,openaq,3,,4.57,1.4,26.22,22.8,78.38,940.91,7.3,,
2025-05-22,25.3,openaq,4,,8.38,1.5,25.41,22.5,81.75,939.82,2.4,,
2025-05-23,24.9,openaq,4,,7.9,2.0,25.65,23.1,80.5,937.63,0.0,,
2025-05-24,28.3,openaq,4,,7.66,1.5,25.12,23.5,80.79,937.23,1.7,,
2025-05-25,37.5,openaq,2,,10.38,3.9,25.75,23.4,82.54,938.48,16.9,,
2025-05-26,23.5,cams,0,,9.92,1.1,27.14,23.8,79.83,938.56,3.3,,
2025-05-27,28.9,openaq,4,,13.77,9.0,25.8,23.4,83.79,938.37,2.8,,
2025-05-28,20.1,cams,0,,14.68,9.3,25.27,22.6,87.0,938.46,2.6,,
2025-05-29,26.1,openaq,4,,14.75,9.3,26.69,23.4,80.54,937.55,2.3,,
2025-05-30,31.0,openaq,4,,19.38,14.8,26.77,23.7,77.38,938.4,0.0,,
2025-05-31,32.2,openaq,4,,20.21,14.1,26.11,23.7,79.25,941.66,0.8,,
2025-06-01,29.6,openaq,4,,16.92,12.2,25.51,22.4,80.21,942.01,0.9,,
2025-06-02,26.1,openaq,4,,17.48,11.5,25.36,22.2,79.04,941.13,0.3,,
2025-06-03,15.2,cams,0,,17.63,12.3,24.97,21.7,80.21,941.55,0.7,,
2025-06-04,19.8,openaq,3,,10.54,5.9,23.92,21.3,84.54,942.78,5.1,,
2025-06-05,33.5,openaq,2,,7.6,4.7,25.12,21.3,77.67,944.88,1.0,,
2025-06-06,23.1,openaq,3,,8.03,2.9,25.73,21.5,78.71,945.66,6.7,,
2025-06-07,23.8,openaq,3,,11.0,7.3,25.96,22.5,81.04,945.62,1.7,,
2025-06-08,29.0,openaq,4,,11.9,9.2,26.46,23.1,78.0,945.06,1.0,,
2025-06-09,29.6,openaq,4,,14.95,10.7,26.59,23.4,75.58,944.03,0.0,,
2025-06-10,22.0,openaq,4,,14.74,10.9,26.57,22.8,74.17,942.1,0.0,,
2025-06-11,23.9,openaq,4,,15.35,12.1,27.07,23.2,74.96,940.67,0.0,,
2025-06-12,30.0,openaq,4,,13.29,1.7,27.17,24.5,79.25,939.22,8.1,,
2025-06-13,28.8,openaq,4,,8.78,0.7,25.74,23.3,86.54,938.95,44.4,,
2025-06-14,39.5,openaq,3,,5.42,0.5,26.23,23.0,85.88,937.59,36.9,,
2025-06-15,29.4,openaq,4,,5.49,1.8,25.98,23.2,84.08,935.04,2.8,,
2025-06-16,24.1,openaq,4,,15.47,1.9,23.85,22.8,92.67,934.5,9.4,,
2025-06-17,32.9,openaq,4,,22.65,15.0,24.03,22.0,88.12,937.64,5.6,,
2025-06-18,18.7,openaq,4,,20.6,12.8,24.32,22.2,90.83,938.07,20.9,,
2025-06-19,27.8,openaq,1,,19.19,12.4,23.23,21.9,92.92,938.72,17.6,,
2025-06-20,18.6,openaq,4,,21.12,13.8,24.28,22.2,86.79,940.54,2.5,,
2025-06-21,19.3,openaq,3,,18.52,13.5,23.75,21.8,89.42,941.16,6.8,,
2025-06-22,20.1,openaq,4,,18.81,13.1,23.57,21.9,90.38,940.22,5.3,,
2025-06-23,18.0,openaq,4,,19.9,14.4,23.33,22.0,91.83,938.5,8.6,,
2025-06-24,22.1,openaq,4,,20.29,9.7,23.28,22.2,91.96,937.51,14.9,,
2025-06-25,9.1,cams,0,,18.82,11.2,24.11,22.1,89.29,937.54,6.3,,
2025-06-26,23.1,openaq,3,,16.29,10.6,23.17,21.9,93.58,937.82,14.1,,
2025-06-27,24.5,openaq,3,,19.62,15.2,23.25,22.0,92.67,938.51,7.5,,
2025-06-28,28.4,openaq,2,,22.5,15.3,23.04,21.3,91.29,939.54,10.6,,
2025-06-29,20.9,openaq,4,,21.34,12.5,22.94,22.0,92.08,939.58,9.4,,
2025-06-30,6.8,cams,0,,20.67,15.8,23.3,21.6,90.38,939.46,5.1,,
2025-07-01,12.8,openaq,4,,19.28,15.0,23.4,22.1,90.88,939.73,7.2,,
2025-07-02,15.9,openaq,4,,19.24,14.8,23.55,22.2,90.46,938.94,9.6,,
2025-07-03,13.5,openaq,3,,20.0,12.9,23.51,21.5,89.21,939.11,7.7,,
2025-07-04,13.2,openaq,3,,20.62,13.8,23.2,21.7,91.79,940.05,5.8,,
2025-07-05,6.5,openaq,3,,21.97,17.9,23.51,22.3,90.62,939.71,11.4,,
2025-07-06,10.2,openaq,3,,21.57,16.6,22.78,22.1,93.96,939.04,22.2,,
2025-07-07,17.7,openaq,3,,18.22,13.8,22.56,21.8,93.67,939.77,7.9,,
2025-07-08,14.7,openaq,3,,17.98,12.7,23.04,21.7,92.08,940.55,5.9,,
2025-07-09,31.1,openaq,4,,14.32,10.0,23.09,22.1,93.58,940.89,5.9,,
2025-07-10,22.9,openaq,4,,14.01,7.7,24.35,22.0,85.5,941.27,1.2,,
2025-07-11,24.5,openaq,3,,13.75,10.0,24.3,22.2,86.38,941.37,1.9,,
2025-07-12,24.0,openaq,3,,15.67,11.0,24.25,22.3,85.42,941.77,2.8,,
2025-07-13,15.6,openaq,3,,17.05,13.2,24.1,22.4,87.04,941.32,4.7,,
2025-07-14,12.0,openaq,3,,16.11,11.4,23.88,22.2,89.92,939.85,12.3,,
2025-07-15,16.3,openaq,3,,14.11,10.7,24.34,22.3,87.29,939.58,4.8,,
2025-07-16,24.8,openaq,3,,13.56,9.0,25.0,22.5,84.5,940.19,2.6,,
2025-07-17,25.6,openaq,3,,10.49,8.1,25.12,22.3,82.5,941.12,0.6,,
2025-07-18,25.9,openaq,3,,11.82,7.6,24.67,22.0,83.33,941.35,0.2,,
2025-07-19,22.1,openaq,3,,13.9,11.3,24.45,22.2,84.04,939.13,1.7,,
2025-07-20,19.7,openaq,3,,14.45,10.5,24.48,21.9,86.0,938.41,3.4,,
2025-07-21,15.0,openaq,4,,10.75,7.6,24.07,22.3,90.75,939.6,19.4,,
2025-07-22,14.2,openaq,4,,13.09,9.3,24.25,22.3,87.54,940.12,2.0,,
2025-07-23,15.1,openaq,4,,15.98,11.6,23.67,22.2,89.0,938.74,6.7,,
2025-07-24,16.4,openaq,4,,17.47,12.7,23.7,21.5,88.88,937.5,4.0,,
2025-07-25,9.4,openaq,4,,16.98,14.0,23.5,22.4,92.21,936.95,13.2,,
2025-07-26,9.4,openaq,4,,19.91,16.7,23.32,22.4,92.83,937.45,9.3,,
2025-07-27,15.5,openaq,4,,24.06,18.6,23.0,22.0,92.21,938.29,13.9,,
2025-07-28,13.2,openaq,4,,24.42,18.9,23.02,21.8,91.08,939.67,8.5,,
2025-07-29,13.6,openaq,4,,23.12,18.8,22.75,21.8,93.0,939.93,8.4,,
2025-07-30,19.3,openaq,4,,22.96,15.5,23.53,22.2,91.0,939.87,2.2,,
2025-07-31,22.5,openaq,4,,21.01,13.4,23.73,22.0,88.75,940.72,2.5,,
2025-08-01,17.5,openaq,1,,17.7,11.6,23.94,21.8,86.38,941.84,2.3,,
2025-08-02,22.7,openaq,3,,14.9,10.3,24.01,22.0,86.62,942.08,2.2,,
2025-08-03,20.0,openaq,4,,12.88,8.1,24.22,21.7,85.12,943.07,1.8,,
2025-08-04,21.4,openaq,4,,12.25,8.6,24.29,21.9,84.54,944.17,0.9,,
2025-08-05,22.0,openaq,4,,10.57,6.8,24.52,21.5,83.29,943.87,1.7,,
2025-08-06,23.1,openaq,4,,7.93,6.1,24.88,21.5,81.96,943.64,1.4,,
2025-08-07,18.5,openaq,4,,7.46,3.6,24.64,21.9,84.17,943.4,7.2,,
2025-08-08,24.6,openaq,4,,7.87,5.3,23.91,21.9,87.38,943.91,5.3,,
2025-08-09,23.1,openaq,3,,8.41,6.0,23.97,21.9,86.42,945.23,1.2,,
2025-08-10,21.7,openaq,3,,10.86,7.0,23.91,21.7,86.17,944.41,1.7,,
2025-08-11,17.9,openaq,3,,12.92,8.8,23.69,21.7,87.17,944.03,1.9,,
2025-08-12,20.4,openaq,4,,13.61,10.0,23.93,21.7,85.08,942.74,1.9,,
2025-08-13,16.2,openaq,4,,11.37,7.2,23.68,21.8,89.33,940.85,5.7,,
2025-08-14,17.9,openaq,4,,9.15,5.5,23.93,22.0,88.58,940.52,10.9,,
2025-08-15,9.3,openaq,3,,10.86,7.9,23.68,21.9,89.79,939.77,8.8,,
2025-08-16,10.8,openaq,3,,11.97,7.3,23.33,21.8,90.58,938.39,11.5,,
2025-08-17,3.4,openaq,2,,11.58,6.7,23.75,21.5,88.42,937.57,4.6,,
2025-08-18,5.5,openaq,2,,15.8,11.1,23.17,22.0,93.25,939.16,20.7,,
2025-08-19,10.5,openaq,4,,19.08,11.7,23.27,22.1,93.42,937.75,22.7,,
2025-08-20,10.1,openaq,3,,24.73,19.4,22.73,22.3,93.29,938.56,10.0,,
2025-08-21,10.5,openaq,3,,22.93,17.9,23.24,22.0,90.83,942.13,9.8,,
2025-08-22,13.9,openaq,4,,23.25,17.7,23.12,21.8,89.12,942.85,5.7,,
2025-08-23,12.1,openaq,4,,24.43,17.9,22.66,21.3,89.88,941.91,7.2,,
2025-08-24,13.3,openaq,4,,24.57,19.0,22.74,21.4,89.67,942.47,6.9,,
2025-08-25,12.4,openaq,4,,18.89,14.7,22.38,21.4,93.58,941.95,13.8,,
2025-08-26,9.9,openaq,4,,15.55,9.4,23.55,21.8,89.67,942.12,7.0,,
2025-08-27,10.3,openaq,4,,11.36,9.3,23.57,22.0,89.38,941.3,6.4,,
2025-08-28,18.1,openaq,4,,11.39,7.6,23.37,21.8,90.62,940.38,11.7,,
2025-08-29,16.7,openaq,3,0.0,11.06,4.7,23.38,21.5,91.08,940.44,14.3,,
2025-08-30,17.8,openaq,3,0.0,13.1,10.0,23.79,21.7,89.12,942.21,4.8,,
2025-08-31,13.9,openaq,2,0.0,15.45,11.9,23.84,21.7,87.62,942.4,1.9,,
2025-09-01,11.7,openaq,2,0.0,18.68,13.2,23.26,22.0,90.67,940.54,6.4,,
2025-09-02,16.4,openaq,2,4.0,16.96,9.2,23.71,21.8,87.21,940.58,1.6,,
2025-09-03,24.0,openaq,3,0.0,14.12,9.8,23.45,21.9,86.79,941.07,3.2,,
2025-09-04,16.2,openaq,3,0.0,14.85,10.4,22.53,21.2,92.0,940.74,10.2,,
2025-09-05,14.9,openaq,3,0.0,17.26,12.9,23.22,22.0,91.17,941.04,10.1,,
2025-09-06,14.5,openaq,2,0.0,18.47,12.9,21.97,20.9,94.29,942.23,43.4,,
2025-09-07,10.6,openaq,3,7.0,18.69,10.9,22.76,20.9,89.92,942.74,6.5,,
2025-09-08,24.2,openaq,2,6.0,13.8,5.4,23.1,20.8,87.75,943.12,2.1,,
2025-09-09,31.0,openaq,3,15.0,7.83,4.4,23.53,20.3,82.88,945.09,0.1,,
2025-09-10,28.7,openaq,3,2.0,6.67,1.6,23.57,19.4,81.21,945.68,1.4,,
2025-09-11,27.0,openaq,3,6.0,8.19,5.4,23.27,19.5,84.38,945.23,0.7,,
2025-09-12,24.7,openaq,3,4.0,7.38,3.8,23.22,20.2,85.25,945.28,0.9,,
2025-09-13,25.5,openaq,3,0.0,5.78,2.2,23.5,21.1,88.83,944.86,17.6,,
2025-09-14,32.1,openaq,2,0.0,8.41,5.8,23.62,21.8,90.25,944.42,31.3,,
2025-09-15,25.5,openaq,1,0.0,7.85,1.1,23.79,21.7,89.25,943.76,11.1,,
2025-09-16,17.6,openaq,2,2.0,8.62,3.9,23.52,21.5,89.08,943.62,4.1,,
2025-09-17,12.9,openaq,3,12.0,6.02,2.7,23.85,21.3,89.04,943.75,5.7,,
2025-09-18,17.3,openaq,3,5.0,5.25,2.7,24.04,21.7,89.17,943.65,10.7,,
2025-09-19,19.7,openaq,3,0.0,6.36,1.3,23.83,21.7,90.29,944.4,8.0,,
2025-09-20,11.3,openaq,3,0.0,9.17,5.4,23.78,21.7,89.71,944.59,5.3,,
2025-09-21,23.5,openaq,3,0.0,8.71,5.6,24.16,22.1,87.67,944.11,2.0,,
2025-09-22,22.1,openaq,2,1.0,8.33,6.0,23.67,22.0,89.54,944.68,4.0,,
2025-09-23,11.4,openaq,3,9.0,12.63,9.9,23.4,21.5,86.88,944.99,1.8,,
2025-09-24,16.2,openaq,3,6.0,11.07,8.8,23.27,21.1,85.08,943.81,1.5,,
2025-09-25,19.8,openaq,2,6.0,8.67,6.7,23.6,20.7,83.46,943.19,1.3,,
2025-09-26,22.6,openaq,2,0.0,9.14,5.3,23.25,21.0,88.96,943.29,18.6,,
2025-09-27,22.4,openaq,3,0.0,15.14,10.1,24.17,22.2,88.25,942.69,12.6,,
2025-09-28,13.0,openaq,2,0.0,13.91,2.0,22.41,21.6,95.42,938.55,82.9,,
2025-09-29,10.9,openaq,3,7.0,19.54,10.4,21.97,20.6,90.62,939.83,3.4,,
2025-09-30,15.3,openaq,3,0.0,15.14,9.8,22.71,20.5,87.12,941.23,1.0,,
2025-10-01,20.5,openaq,3,17.0,13.9,8.7,23.43,20.8,85.12,941.21,0.4,,
2025-10-02,17.6,openaq,3,12.0,9.9,5.4,23.42,20.5,85.12,943.27,2.3,,
2025-10-03,17.6,openaq,3,14.0,8.19,5.6,23.9,21.1,85.5,945.82,1.4,,
2025-10-04,19.6,openaq,3,17.0,8.84,5.1,23.82,21.3,86.58,946.94,2.7,,
2025-10-05,17.4,openaq,2,12.0,9.28,6.8,23.1,20.7,86.71,946.75,1.9,,
2025-10-06,25.8,openaq,3,7.0,9.58,5.4,23.11,20.2,83.38,947.3,0.3,,
2025-10-07,21.4,openaq,2,12.0,8.63,3.8,22.83,19.9,87.29,947.32,2.2,,
2025-10-08,30.8,openaq,3,17.0,6.12,2.9,23.59,19.7,78.83,947.59,0.1,,
2025-10-09,48.1,openaq,3,19.0,5.48,1.4,23.8,19.7,69.5,948.17,0.0,,
2025-10-10,55.2,openaq,3,20.0,6.38,2.1,23.65,19.0,67.0,947.02,0.0,,
2025-10-11,54.5,openaq,2,31.0,5.55,1.2,23.62,19.0,66.67,946.82,0.0,,
2025-10-12,55.1,openaq,1,16.0,6.47,2.5,23.63,18.8,62.83,946.57,0.0,,
2025-10-13,48.2,openaq,2,25.0,4.6,0.7,24.1,18.9,56.62,947.01,0.0,,
2025-10-14,57.2,openaq,3,46.0,6.83,2.7,24.18,18.5,53.54,945.51,0.0,,
2025-10-15,61.9,openaq,3,37.0,9.76,5.5,24.62,19.4,60.67,945.1,0.2,,
2025-10-16,36.9,openaq,3,15.0,10.54,5.8,25.8,20.9,70.08,945.71,1.3,,
2025-10-17,45.0,openaq,2,40.0,10.15,6.6,26.04,21.8,67.21,947.09,0.1,,
2025-10-18,55.7,openaq,3,25.0,7.85,0.8,25.76,21.8,68.54,946.57,0.3,,
2025-10-19,67.8,openaq,3,32.0,9.93,4.9,25.41,21.9,68.29,945.52,0.5,,
2025-10-20,89.1,openaq,3,57.0,11.78,7.0,25.5,21.1,63.25,945.05,0.0,,
2025-10-21,95.2,openaq,3,14.0,10.94,5.2,24.8,21.0,71.88,945.95,2.6,,
2025-10-22,49.1,openaq,3,23.0,11.03,8.2,25.4,21.9,77.42,946.27,0.7,,
2025-10-23,32.4,openaq,3,14.0,13.94,10.8,26.56,22.7,71.21,945.41,0.0,,
2025-10-24,23.7,openaq,3,5.0,15.08,9.0,25.39,22.1,76.0,944.95,3.6,,
2025-10-25,14.8,openaq,3,2.0,13.05,5.8,23.52,21.3,88.21,944.01,11.8,,
2025-10-26,10.1,cams,0,1.0,12.49,4.6,22.9,21.2,90.71,943.78,29.6,,
2025-10-27,10.6,openaq,2,0.0,10.44,0.6,23.53,21.2,88.38,943.47,19.8,,
2025-10-28,12.5,openaq,3,3.0,9.7,3.3,23.97,21.5,85.46,943.34,3.6,,
2025-10-29,19.6,openaq,3,6.0,9.77,2.8,23.43,21.4,89.38,942.51,6.9,,
2025-10-30,30.8,openaq,2,2.0,8.33,2.3,22.85,21.1,88.04,943.54,4.0,,
2025-10-31,18.8,openaq,3,26.0,4.67,0.5,23.05,19.7,87.83,945.06,1.3,,
2025-11-01,18.9,openaq,2,8.0,8.43,3.2,23.75,21.6,90.17,946.54,0.9,,
2025-11-02,11.4,openaq,3,5.0,10.39,5.2,23.45,21.2,89.38,948.27,1.6,,
2025-11-03,27.1,openaq,1,17.0,9.95,7.1,23.65,21.2,86.33,947.99,0.5,,
2025-11-04,18.3,cams,0,29.0,9.8,5.6,22.88,20.4,84.12,947.35,0.6,,
2025-11-05,22.8,openaq,3,59.0,5.02,0.9,22.8,19.7,77.17,946.76,0.0,,
2025-11-06,29.1,openaq,2,17.0,5.01,0.7,22.29,17.7,73.08,947.48,0.0,,
2025-11-07,37.9,openaq,3,21.0,6.26,2.2,21.99,16.7,61.29,948.73,0.0,,
2025-11-08,36.2,openaq,2,48.0,6.58,0.7,21.7,16.5,59.38,949.71,0.0,,
2025-11-09,26.5,openaq,1,70.0,5.42,1.1,21.4,15.5,53.33,948.6,0.0,,
2025-11-10,33.9,cams,0,90.0,5.97,0.7,21.12,14.9,49.58,948.23,0.0,,
2025-11-11,62.2,openaq,3,40.0,7.41,2.9,20.97,14.8,48.5,948.98,0.0,,
2025-11-12,64.2,openaq,2,15.0,7.57,5.0,20.78,14.8,50.42,949.81,0.0,,
2025-11-13,73.6,openaq,3,38.0,9.03,6.3,20.65,15.0,50.62,950.43,0.0,,
2025-11-14,79.9,openaq,2,72.0,9.58,6.1,20.7,14.7,53.79,949.85,0.0,,
2025-11-15,61.7,openaq,2,84.0,11.26,8.8,20.38,14.4,52.83,950.34,0.0,,
2025-11-16,65.4,openaq,3,204.0,11.12,7.6,19.95,14.2,53.46,951.54,0.0,,
2025-11-17,72.3,openaq,3,34.0,12.45,9.0,19.64,14.1,52.79,950.91,0.0,,
2025-11-18,67.3,openaq,2,73.0,12.53,10.2,19.07,12.5,52.88,949.2,0.0,,
2025-11-19,64.4,openaq,3,62.0,9.54,3.6,20.04,13.4,54.54,949.0,0.0,,
2025-11-20,71.8,openaq,3,97.0,10.36,5.7,20.25,14.0,56.21,949.58,0.0,,
2025-11-21,75.2,openaq,2,161.0,10.39,5.7,21.01,14.7,61.25,950.61,0.0,,
2025-11-22,68.0,openaq,3,71.0,8.7,2.9,23.08,17.1,61.79,949.75,0.0,,
2025-11-23,50.3,openaq,1,27.0,5.64,1.1,23.8,18.3,66.75,949.52,0.0,,
2025-11-24,55.7,openaq,1,29.0,4.63,1.3,23.98,19.5,67.17,949.71,0.0,,
2025-11-25,50.3,openaq,2,63.0,8.2,1.2,24.22,19.3,61.54,949.53,0.0,,
2025-11-26,47.1,openaq,3,88.0,8.72,6.0,24.03,18.5,57.79,949.6,0.0,,
2025-11-27,55.0,openaq,3,62.0,10.04,8.0,22.68,17.8,58.0,950.43,0.0,,
2025-11-28,67.3,openaq,3,53.0,9.98,4.4,22.16,17.5,64.33,949.86,0.0,,
2025-11-29,57.0,openaq,2,46.0,11.93,9.4,20.5,15.8,53.08,948.72,0.0,,
2025-11-30,56.0,openaq,2,66.0,10.79,7.9,19.88,14.6,49.12,948.16,0.0,,
2025-12-01,60.0,openaq,2,106.0,10.4,8.2,20.0,14.2,50.58,947.88,0.0,,
2025-12-02,69.2,openaq,3,57.0,8.65,6.4,20.02,14.0,55.88,947.95,0.0,,
2025-12-03,73.3,openaq,3,47.0,11.21,9.2,19.97,13.8,59.54,949.15,0.0,,
2025-12-04,70.6,openaq,3,43.0,11.08,8.3,20.49,15.3,61.38,950.45,0.0,,
2025-12-05,64.3,openaq,3,44.0,10.97,6.9,20.76,15.1,62.25,951.6,0.0,,
2025-12-06,59.2,openaq,2,72.0,10.85,8.6,20.2,14.3,58.38,951.74,0.0,,
2025-12-07,55.1,openaq,3,160.0,12.32,9.1,20.48,14.9,55.58,951.38,0.0,,
2025-12-08,48.8,openaq,2,85.0,10.66,7.6,20.09,14.1,48.67,951.27,0.0,,
2025-12-09,43.8,openaq,3,109.0,12.7,7.4,19.97,13.3,42.42,950.9,0.0,,
2025-12-10,48.1,openaq,3,108.0,10.28,4.4,19.98,13.6,41.12,951.46,0.0,,
2025-12-11,52.3,openaq,2,135.0,8.76,5.2,19.52,12.8,43.79,950.54,0.0,,
2025-12-12,61.4,openaq,2,167.0,9.13,4.8,19.7,13.5,44.0,949.38,0.0,,
2025-12-13,65.2,openaq,1,121.0,9.93,6.6,20.49,13.6,45.42,949.22,0.0,,
2025-12-14,46.3,openaq,2,91.0,10.55,1.9,20.59,14.5,49.17,949.96,0.0,,
2025-12-15,51.1,openaq,3,81.0,11.41,7.4,19.88,13.9,48.42,950.04,0.0,,
2025-12-16,51.1,openaq,3,125.0,12.96,11.0,19.72,13.3,51.46,949.58,0.0,,
2025-12-17,64.3,openaq,3,144.0,11.01,8.2,20.45,13.7,56.71,951.11,0.0,,
2025-12-18,58.1,openaq,1,136.0,10.72,5.0,20.7,14.1,51.25,951.23,0.0,,
2025-12-19,49.2,openaq,3,101.0,10.22,7.8,20.37,13.8,43.5,949.57,0.0,,
2025-12-20,52.2,openaq,3,112.0,10.5,5.6,20.05,13.8,39.58,947.95,0.0,,
2025-12-21,47.5,openaq,2,48.0,11.11,5.4,19.53,13.6,40.71,948.67,0.0,,
2025-12-22,57.2,openaq,2,133.0,11.3,7.5,19.71,13.1,45.75,949.05,0.0,,
2025-12-23,47.1,openaq,3,186.0,10.69,8.0,20.19,13.7,47.46,948.68,0.0,,
2025-12-24,38.0,openaq,3,71.0,10.78,7.2,19.89,13.8,46.46,948.42,0.0,,
2025-12-25,51.9,openaq,3,92.0,9.75,6.1,19.88,13.8,44.75,948.63,0.0,,
2025-12-26,67.0,openaq,2,69.0,9.6,7.2,19.7,13.1,49.96,948.49,0.0,,
2025-12-27,60.7,openaq,3,139.0,8.37,2.9,20.22,13.9,48.42,948.84,0.0,,
2025-12-28,57.0,openaq,2,187.0,9.26,4.5,20.09,13.5,51.0,949.36,0.0,,
2025-12-29,65.9,openaq,2,110.0,8.37,2.8,19.88,13.3,49.25,949.05,0.0,,
2025-12-30,56.2,openaq,3,93.0,8.19,3.1,19.92,12.9,49.75,947.95,0.0,,
2025-12-31,59.4,openaq,2,72.0,6.57,0.4,19.68,13.5,58.46,946.37,0.0,,
2026-01-01,46.3,openaq,4,90.0,5.86,0.2,20.28,14.8,66.42,947.01,0.0,,
2026-01-02,41.6,openaq,2,94.0,7.17,2.0,20.94,15.0,63.83,948.95,0.0,,
2026-01-03,46.7,openaq,1,102.0,7.24,0.2,21.66,15.8,60.21,949.53,0.0,,
2026-01-04,51.6,openaq,2,71.0,6.12,2.2,21.77,16.9,61.08,950.45,0.0,,
2026-01-05,58.8,openaq,4,65.0,9.22,6.9,21.14,16.1,64.25,951.32,0.0,,
2026-01-06,61.3,openaq,3,94.0,7.38,1.8,21.08,15.0,57.21,951.36,0.0,,
2026-01-07,59.3,openaq,3,121.0,7.35,2.3,20.8,14.2,45.21,951.41,0.0,,
2026-01-08,48.3,openaq,3,240.0,8.1,1.3,20.41,14.3,35.5,951.55,0.0,,
2026-01-09,51.9,openaq,3,114.0,9.61,7.1,19.47,13.1,35.25,951.04,0.0,,
2026-01-10,52.2,openaq,1,144.0,8.85,3.5,19.24,13.5,44.12,950.63,0.0,,
2026-01-11,27.3,cams,0,108.0,11.56,9.4,19.34,13.2,44.46,951.46,0.0,,
2026-01-12,29.3,cams,0,88.0,11.14,5.7,20.55,14.0,49.04,951.75,0.0,,
2026-01-13,36.5,cams,0,144.0,8.38,1.8,22.18,16.6,54.46,951.81,0.2,,
2026-01-14,41.6,cams,0,89.0,6.05,0.6,21.9,17.6,59.0,950.18,0.1,,
2026-01-15,33.5,cams,0,99.0,6.27,1.7,20.74,14.7,53.5,949.31,0.0,,
2026-01-16,32.5,cams,0,100.0,8.42,1.9,21.68,15.0,55.04,948.99,0.0,,
2026-01-17,29.5,cams,0,113.0,6.73,0.6,21.55,15.6,53.33,947.81,0.0,,
2026-01-18,31.8,cams,0,154.0,9.89,3.4,20.2,15.7,57.12,946.5,0.0,,
2026-01-19,46.2,cams,0,165.0,6.47,0.8,18.82,12.0,63.79,947.65,0.0,,
2026-01-20,43.5,cams,0,82.0,7.91,2.9,20.0,14.2,58.71,947.85,0.0,,
2026-01-21,59.3,openaq,3,71.0,9.99,5.4,21.41,15.3,54.67,948.97,0.0,,
2026-01-22,55.4,openaq,3,69.0,8.95,3.8,21.78,16.1,48.5,949.32,0.0,,
2026-01-23,56.9,openaq,2,137.0,8.47,2.1,20.8,16.0,60.79,949.81,0.0,,
2026-01-24,46.1,openaq,3,255.0,6.81,0.6,20.22,14.4,65.5,951.2,0.0,,
2026-01-25,66.4,openaq,2,86.0,5.51,0.3,20.65,14.8,61.83,949.9,0.0,,
2026-01-26,41.5,openaq,3,65.0,8.8,3.8,22.05,15.3,55.96,950.23,0.0,,
2026-01-27,45.7,openaq,3,51.0,7.98,1.1,21.8,17.8,66.54,951.22,1.0,,
2026-01-28,38.7,openaq,3,115.0,6.92,3.8,20.28,14.2,59.83,951.08,0.0,,
2026-01-29,39.0,openaq,4,153.0,10.26,8.0,21.16,15.5,57.04,950.12,0.0,,
2026-01-30,50.4,openaq,3,78.0,10.0,3.6,22.5,17.2,62.5,950.34,0.0,,
2026-01-31,45.8,openaq,1,75.0,6.12,1.0,22.93,17.6,61.38,950.46,0.0,,
2026-02-01,44.8,openaq,2,116.0,7.92,4.3,22.25,16.4,57.38,950.88,0.0,,
2026-02-02,42.3,openaq,3,114.0,9.41,4.2,22.08,16.5,46.25,950.82,0.0,,
2026-02-03,63.8,cams,0,150.0,7.76,0.6,22.11,16.3,47.58,950.7,0.0,,
2026-02-04,72.2,cams,0,210.0,10.24,4.8,22.3,16.9,51.33,951.22,0.0,,
2026-02-05,53.6,openaq,3,113.0,8.72,0.2,22.4,16.7,47.92,952.0,0.0,,
2026-02-06,50.5,openaq,3,144.0,7.94,3.3,22.32,16.9,45.83,952.23,0.0,,
2026-02-07,51.6,openaq,3,133.0,6.01,2.2,22.42,16.4,46.67,950.99,0.0,,
2026-02-08,45.7,cams,0,216.0,6.33,1.9,22.4,16.1,47.46,949.46,0.0,,
2026-02-09,45.4,openaq,2,337.0,5.68,1.3,22.89,16.1,48.25,948.52,0.0,,
2026-02-10,44.8,openaq,3,133.0,6.54,0.2,23.31,16.9,49.42,949.25,0.0,,
2026-02-11,43.9,openaq,3,150.0,6.39,0.4,23.6,18.0,46.88,950.83,0.0,,
2026-02-12,45.5,openaq,3,136.0,7.37,1.9,24.13,18.2,41.33,950.38,0.0,,
2026-02-13,48.3,openaq,3,185.0,5.4,0.6,23.89,17.6,44.38,949.41,0.0,,
2026-02-14,41.8,openaq,3,241.0,4.35,0.2,23.96,17.1,42.5,948.79,0.0,,
2026-02-15,41.5,openaq,4,169.0,6.7,0.7,24.3,17.7,42.42,948.83,0.0,,
2026-02-16,47.2,cams,0,138.0,8.28,4.3,24.47,18.3,42.62,947.22,0.0,,
2026-02-17,70.9,cams,0,103.0,5.49,0.6,24.31,18.9,48.38,946.73,0.0,,
2026-02-18,69.9,cams,0,95.0,7.71,0.2,23.78,18.4,54.75,946.78,0.0,,
2026-02-19,65.9,cams,0,166.0,6.53,1.0,24.33,18.8,54.38,947.75,0.0,,
2026-02-20,45.5,openaq,4,201.0,9.3,2.4,25.2,19.1,47.62,948.8,0.0,,
2026-02-21,50.1,openaq,3,93.0,8.56,2.3,25.53,19.0,45.92,947.36,0.0,,
2026-02-22,40.5,openaq,3,150.0,7.04,1.9,25.45,18.6,37.29,945.24,0.0,,
2026-02-23,33.0,openaq,4,127.0,6.06,1.0,25.46,19.5,33.67,944.79,0.0,,
2026-02-24,34.9,openaq,4,193.0,6.69,0.5,25.14,19.0,35.04,945.9,0.0,,
2026-02-25,30.4,openaq,4,259.0,8.37,3.6,25.05,19.3,39.38,947.37,0.0,,
2026-02-26,23.0,openaq,4,146.0,8.21,3.0,23.92,17.6,49.17,946.82,0.0,,
2026-02-27,24.6,openaq,4,182.0,11.73,9.0,22.18,16.5,56.38,945.27,0.0,,
2026-02-28,23.0,openaq,4,144.0,10.05,7.5,22.12,16.3,57.79,944.67,0.0,,
2026-03-01,28.9,openaq,3,173.0,6.67,1.2,23.43,16.2,52.17,945.72,0.0,,
2026-03-02,46.0,openaq,4,,5.96,0.3,25.39,18.2,53.29,947.55,0.0,,
2026-03-03,45.7,openaq,4,,5.9,1.4,26.96,19.6,39.67,948.6,0.0,,
2026-03-04,44.0,openaq,4,,6.03,1.8,27.1,19.7,33.96,949.2,0.0,,
2026-03-05,34.0,openaq,2,,8.57,3.0,27.47,20.6,30.92,948.44,0.0,,
2026-03-06,30.4,openaq,3,,7.18,1.5,27.32,20.3,31.88,947.2,0.0,,
2026-03-07,38.1,openaq,4,,6.59,1.0,27.73,19.8,33.58,947.21,0.0,,
2026-03-08,44.4,openaq,4,,7.86,2.3,28.36,21.0,26.92,947.75,0.0,,
2026-03-09,40.5,openaq,4,,8.49,1.3,28.02,20.9,23.54,948.07,0.0,,
2026-03-10,18.2,cams,0,,6.08,1.8,28.41,21.0,24.38,949.07,0.0,,
2026-03-11,41.1,openaq,2,,6.03,1.7,28.81,22.0,26.17,948.83,0.0,,
2026-03-12,42.0,openaq,4,,6.79,2.8,29.18,21.7,24.46,946.99,0.0,,
2026-03-13,40.9,openaq,4,,7.31,0.9,29.1,21.6,23.38,945.98,0.0,,
2026-03-14,43.5,openaq,4,,9.29,1.9,28.38,21.5,25.12,946.76,0.0,,
2026-03-15,33.5,openaq,3,,11.57,6.5,26.87,21.0,30.67,947.15,0.0,,
2026-03-16,41.7,openaq,3,,9.3,5.3,25.68,19.3,42.96,946.05,0.0,,
2026-03-17,44.3,openaq,4,,9.23,0.9,25.18,18.8,42.29,945.71,0.0,,
2026-03-18,50.2,openaq,4,,8.05,0.4,25.4,19.0,47.12,946.5,0.0,,
2026-03-19,43.2,openaq,3,,10.37,2.9,24.96,19.6,51.42,947.85,0.0,,
2026-03-20,42.0,openaq,4,,9.4,1.4,24.05,17.9,53.12,946.85,0.0,,
2026-03-21,31.9,openaq,4,,5.23,0.4,25.2,18.3,37.46,947.27,0.0,,
2026-03-22,48.0,openaq,4,,6.62,2.6,26.63,19.8,31.46,947.95,0.0,,
2026-03-23,57.7,openaq,3,,6.58,1.0,27.7,21.2,32.0,947.32,0.0,,
2026-03-24,47.4,openaq,4,,8.66,2.8,28.22,21.6,32.38,946.52,0.0,,
2026-03-25,37.0,openaq,4,,9.13,5.0,28.21,21.9,34.0,946.77,0.0,,
2026-03-26,55.2,openaq,4,,6.68,1.7,29.25,22.1,35.5,947.94,0.0,,
2026-03-27,43.1,openaq,4,,10.53,1.3,29.7,24.4,27.88,947.1,0.0,,
2026-03-28,37.5,openaq,4,,10.8,3.7,27.58,21.8,37.54,944.97,0.0,,
2026-03-29,36.8,openaq,4,,10.23,6.1,26.85,21.6,55.96,945.46,0.1,,
2026-03-30,37.6,openaq,3,,5.35,0.2,27.5,20.7,49.17,945.59,0.1,,
2026-03-31,38.8,openaq,4,,5.84,0.4,27.19,20.9,52.25,946.3,0.0,,
2026-04-01,38.7,openaq,4,,8.96,1.3,27.32,21.5,54.54,946.3,0.0,,
2026-04-02,34.9,openaq,4,,7.21,0.4,26.06,21.3,63.21,947.46,2.2,,
2026-04-03,35.1,openaq,4,,8.24,0.6,25.67,19.6,58.5,946.97,0.0,,
2026-04-04,25.7,openaq,3,,9.38,3.7,24.77,19.3,62.67,946.62,0.1,,
2026-04-05,23.9,openaq,4,,12.1,8.5,24.93,19.6,56.71,946.49,0.0,,
2026-04-06,23.1,openaq,4,,9.97,6.0,24.35,18.6,60.79,947.1,0.0,,
2026-04-07,36.4,openaq,3,,12.37,7.7,25.2,19.2,59.29,947.25,0.0,,
2026-04-08,37.3,openaq,4,,15.66,9.4,25.6,20.9,65.33,946.25,0.1,,
2026-04-09,37.7,openaq,4,,9.68,4.5,26.05,20.4,55.08,947.88,0.0,,
2026-04-10,61.0,openaq,4,,4.6,0.7,28.37,21.0,34.04,948.27,0.0,,
2026-04-11,66.2,openaq,4,,7.2,0.5,30.14,22.8,36.0,947.43,0.0,,
2026-04-12,53.4,openaq,4,,7.97,2.2,30.69,23.0,31.71,945.37,0.0,,
2026-04-13,44.0,openaq,3,,9.6,2.2,30.23,22.5,36.79,946.33,0.0,,
2026-04-14,40.0,openaq,3,,9.71,3.9,30.27,22.7,36.58,946.43,0.0,,
2026-04-15,29.2,openaq,3,,11.63,4.2,30.0,22.7,28.62,944.44,0.0,,
2026-04-16,15.6,cams,0,,10.85,5.7,29.14,21.3,29.12,944.45,0.0,,
2026-04-17,41.5,openaq,3,,10.64,4.8,30.07,22.0,31.83,945.7,0.0,,
2026-04-18,49.0,openaq,2,,8.26,3.0,31.63,24.8,24.71,945.65,0.0,,
2026-04-19,42.5,openaq,4,,8.93,0.7,31.09,24.5,31.25,945.36,0.0,,
2026-04-20,44.4,openaq,4,,7.38,1.3,31.09,24.8,31.25,945.42,0.0,,
2026-04-21,34.0,openaq,4,,6.92,0.9,31.15,23.8,30.62,945.03,0.0,,
2026-04-22,37.8,openaq,4,,7.17,2.4,31.52,25.1,28.46,945.33,0.0,,
2026-04-23,26.9,openaq,4,,7.79,3.0,31.12,24.7,27.92,944.97,0.0,,
2026-04-24,34.6,openaq,4,,7.59,0.2,31.69,25.2,27.88,945.04,0.0,,
2026-04-25,33.7,openaq,3,,7.42,1.3,32.94,24.8,25.33,945.5,0.0,,
2026-04-26,32.6,openaq,4,,8.31,1.8,33.49,27.0,20.46,944.73,0.0,,
2026-04-27,38.7,openaq,4,,11.16,7.7,31.75,24.9,38.67,943.79,0.0,,
2026-04-28,26.0,openaq,4,,12.95,8.1,31.26,25.5,35.29,943.85,0.0,,
2026-04-29,24.8,openaq,4,,12.64,6.6,30.69,24.8,33.83,944.0,0.0,,
2026-04-30,25.7,openaq,3,,15.5,10.1,29.17,23.1,44.17,944.67,0.0,,
2026-05-01,26.2,openaq,4,,17.91,14.5,28.17,22.9,60.79,944.61,0.0,,
2026-05-02,25.8,openaq,2,,15.58,11.3,28.53,22.6,61.62,943.68,0.0,,
2026-05-03,25.5,openaq,4,,16.08,12.9,28.52,22.8,57.88,943.75,0.0,,
2026-05-04,26.4,openaq,4,,16.71,13.7,27.92,22.4,61.54,943.48,0.0,,
2026-05-05,24.5,openaq,3,,12.42,8.6,28.63,22.6,59.79,945.12,0.0,,
2026-05-06,21.2,cams,0,,9.9,3.2,28.96,22.3,53.62,944.58,0.0,,
2026-05-07,32.7,openaq,1,,6.42,2.7,30.8,24.5,42.79,944.12,0.0,,
2026-05-08,34.8,openaq,4,,8.9,2.0,30.83,24.1,42.0,944.8,0.0,,
2026-05-09,32.8,openaq,4,,7.05,0.7,32.16,25.0,28.12,945.12,0.0,,
2026-05-10,32.2,openaq,4,,12.05,3.7,32.92,25.0,28.79,943.9,0.0,,
2026-05-11,34.4,openaq,4,,11.96,4.8,33.92,27.2,25.21,943.31,0.0,,
2026-05-12,33.6,openaq,3,,11.52,5.5,32.98,26.5,30.21,942.48,0.0,,
2026-05-13,30.8,openaq,4,,11.34,6.9,31.95,26.0,41.08,941.99,0.5,,
2026-05-14,20.8,openaq,4,,13.27,9.2,30.93,24.7,46.38,941.69,0.0,,
2026-05-15,19.6,openaq,3,,13.72,8.8,30.26,25.3,46.38,942.68,0.0,,
2026-05-16,19.4,openaq,2,,12.38,8.5,30.57,23.4,53.54,942.45,0.0,,
2026-05-17,25.7,openaq,4,,11.0,0.2,31.53,24.4,38.92,943.05,0.0,,
2026-05-18,30.0,openaq,4,,10.48,6.2,31.74,24.8,38.75,942.53,0.0,,
2026-05-19,30.1,openaq,4,,12.65,7.4,30.44,25.2,46.5,943.13,0.1,,
2026-05-20,18.4,openaq,4,,12.88,11.3,28.85,23.2,61.67,943.51,1.3,,
2026-05-21,16.6,openaq,2,,11.15,7.6,29.58,24.4,60.83,943.77,0.3,,
2026-05-22,19.0,openaq,3,,11.55,7.4,29.5,25.1,63.38,945.89,1.2,,
2026-05-23,19.9,openaq,3,,12.6,8.7,29.04,25.0,66.96,946.58,4.0,,
2026-05-24,16.9,openaq,2,,13.92,10.4,28.43,24.9,71.29,946.84,4.3,,
2026-05-25,19.5,openaq,3,,12.38,9.7,28.49,24.3,71.42,945.65,8.2,,
2026-05-26,13.6,openaq,3,,13.08,10.1,29.23,24.6,68.21,945.65,0.1,,
2026-05-27,12.2,openaq,3,,13.85,11.8,29.35,24.7,64.25,946.38,0.0,,
2026-05-28,17.6,openaq,4,,14.53,12.1,29.07,24.0,64.33,946.12,0.0,,
2026-05-29,22.6,openaq,4,,18.98,16.8,28.72,23.8,64.58,945.28,0.0,,
2026-05-30,19.7,openaq,4,,17.86,12.0,28.88,24.6,65.71,944.6,0.1,,
2026-05-31,19.1,openaq,4,,13.46,8.3,28.87,24.8,65.54,946.07,1.8,,
2026-06-01,19.8,openaq,4,,12.24,8.7,29.18,24.3,64.25,945.97,0.1,,
2026-06-02,19.3,openaq,3,,11.02,3.6,28.07,24.0,66.0,944.95,2.0,,
2026-06-03,22.2,openaq,3,,10.91,4.5,28.35,23.5,67.25,943.17,3.2,,
2026-06-04,23.2,openaq,4,,11.94,7.3,28.32,23.4,67.83,942.29,4.8,,
2026-06-05,26.5,openaq,3,,12.81,6.8,28.89,24.5,67.17,942.38,0.5,,
2026-06-06,23.2,openaq,4,,13.32,10.3,29.37,24.6,62.79,943.35,0.1,,
2026-06-07,25.4,openaq,4,,14.98,11.2,29.2,24.5,62.88,944.15,0.0,,
2026-06-08,23.6,openaq,4,,16.39,12.0,28.85,24.7,64.04,943.72,0.3,,
2026-06-09,24.5,openaq,4,,17.38,12.1,28.64,24.5,66.29,943.22,0.0,,
2026-06-10,24.5,openaq,4,,18.1,12.2,28.85,24.3,65.79,943.21,0.1,,
2026-06-11,23.4,openaq,4,,17.82,13.8,28.97,24.5,66.75,942.62,0.0,,
2026-06-12,24.6,openaq,4,,19.0,14.4,28.78,24.6,67.96,943.53,0.1,,
2026-06-13,22.0,openaq,4,,16.78,9.6,28.56,24.3,66.58,944.86,0.4,,
2026-06-14,17.3,openaq,4,,18.48,12.6,28.36,24.4,64.79,944.89,0.7,,
2026-06-15,14.8,openaq,3,,17.35,10.4,28.11,24.1,64.79,944.76,0.7,,
2026-06-16,19.7,openaq,3,,14.72,8.5,28.42,23.8,63.29,945.02,0.4,,
2026-06-17,15.7,openaq,2,,14.97,9.3,28.14,24.2,64.0,945.48,0.1,,
2026-06-18,11.9,openaq,3,,14.5,10.0,28.11,23.8,61.92,945.05,0.4,,
2026-06-19,17.8,openaq,2,,14.55,11.2,28.15,23.5,61.04,944.94,0.2,,
2026-06-20,14.9,openaq,3,,12.71,8.7,28.21,23.5,63.5,945.19,2.2,,
2026-06-21,16.6,openaq,3,,11.45,9.0,28.12,23.9,64.04,944.27,3.2,,
2026-06-22,19.7,openaq,3,,10.97,8.3,26.48,23.8,76.29,943.46,9.8,,
2026-06-23,5.4,cams,0,,9.62,7.1,25.06,22.7,84.12,942.14,11.0,,
2026-06-24,10.8,cams,0,,13.05,10.2,23.56,21.9,84.25,942.04,2.5,,
2026-06-25,12.0,cams,0,,14.38,10.0,25.78,22.6,77.46,942.76,2.8,,
2026-06-26,14.0,openaq,3,,11.66,8.6,26.37,23.2,77.04,943.44,0.9,,
2026-06-27,18.6,openaq,4,,10.41,8.6,27.13,23.3,73.92,942.84,0.2,,
2026-06-28,20.1,openaq,4,,9.98,6.8,26.4,23.9,77.46,941.83,0.6,,
2026-06-29,13.6,openaq,4,,13.58,8.8,25.68,23.5,80.0,941.36,1.2,,
2026-06-30,11.4,openaq,4,,16.5,12.9,24.66,23.0,86.92,941.33,7.2,,
2026-07-01,6.8,openaq,2,,14.74,5.2,23.88,22.8,92.96,940.15,27.3,,
2026-07-02,8.0,openaq,3,,18.43,14.1,23.51,22.2,92.5,940.71,10.5,,
2026-07-03,11.2,openaq,4,,17.12,14.0,23.18,22.3,94.67,940.83,13.6,,
2026-07-04,10.5,openaq,4,,14.67,9.7,23.12,22.3,94.71,938.72,21.6,,
2026-07-05,7.0,openaq,3,,14.93,7.9,24.3,22.4,89.71,935.98,13.8,,
2026-07-06,9.1,openaq,4,,11.95,1.3,23.81,23.0,94.75,935.59,42.1,,
2026-07-07,7.8,openaq,4,,15.24,9.7,23.66,23.0,95.62,936.34,92.7,,
2026-07-08,11.1,openaq,4,,16.69,10.2,24.01,22.9,92.75,938.7,27.0,,
2026-07-09,25.5,openaq,3,,19.95,14.7,25.38,23.5,84.96,941.84,1.2,,
2026-07-10,19.1,openaq,3,,19.97,16.7,25.4,23.1,81.29,943.94,0.7,,
2026-07-11,20.2,openaq,3,,23.0,18.1,25.44,23.1,81.12,943.12,0.1,,
2026-07-12,20.9,openaq,3,,23.99,19.4,25.59,22.9,80.62,941.32,0.1,,
2026-07-13,16.4,openaq,3,,21.93,16.7,25.47,22.8,79.21,942.52,0.0,,
2026-07-14,18.1,openaq,4,,18.28,13.4,25.13,22.3,78.92,943.52,0.2,,
2026-07-15,21.4,openaq,4,,15.36,10.7,24.28,22.3,83.83,943.81,1.8,,
2026-07-16,19.8,openaq,4,,14.66,11.4,24.89,22.4,82.79,943.95,1.2,,
2026-07-17,23.7,openaq,3,,14.29,10.0,24.21,23.0,89.58,943.52,16.9,,
2026-07-18,18.6,openaq,4,,15.04,10.6,24.15,22.5,87.88,943.11,8.3,,
2026-07-19,16.1,openaq,4,,13.18,9.5,23.48,22.1,92.08,942.49,16.9,,
2026-07-20,16.2,openaq,4,,18.25,14.8,23.66,22.3,91.46,942.19,10.7,,
2026-07-21,15.9,openaq,4,,20.23,15.7,23.46,22.4,91.54,941.41,13.9,,
2026-07-22,8.9,openaq,4,,26.49,20.4,23.07,22.2,93.88,939.49,53.6,,
2026-07-23,8.9,openaq,4,,28.17,20.5,22.77,21.4,94.92,937.66,98.1,,
2026-07-24,13.1,openaq,4,,22.15,18.7,23.21,21.8,92.12,938.88,23.4,,
2026-07-25,17.1,openaq,4,,17.43,11.5,23.35,21.5,90.75,940.35,8.8,,
2026-07-26,20.0,openaq,3,,14.74,10.4,23.61,22.2,90.67,941.26,7.2,,
2026-07-27,15.2,openaq,4,,15.86,10.7,24.16,22.2,89.08,940.27,7.7,,
2026-07-28,24.1,openaq,3,,16.82,11.6,24.54,22.7,86.38,939.69,1.8,,
2026-07-29,26.4,openaq,3,,18.65,13.0,24.38,23.1,89.17,939.0,4.8,,
2026-07-30,15.3,openaq,3,,16.56,13.5,24.26,23.2,89.71,936.96,5.3,,
2026-07-31,12.8,openaq,4,,20.15,15.9,23.22,22.8,95.38,934.73,37.2,,
2026-08-01,13.2,openaq,4,,21.08,16.7,23.57,22.3,92.0,937.16,10.7,,
2026-08-02,13.7,openaq,3,,18.39,13.5,23.98,22.5,90.21,940.52,7.4,,
2026-08-03,14.2,openaq,2,,16.35,12.2,24.38,22.9,87.46,942.21,5.1,,
2026-08-04,18.6,openaq,1,,14.9,11.1,24.39,22.3,86.96,943.1,4.9,,
2026-08-05,21.7,openaq,2,,14.22,10.6,24.17,22.6,86.79,941.59,3.9,,
2026-08-06,18.6,openaq,2,,17.81,10.5,24.59,22.4,84.79,940.93,2.1,,
2026-08-07,18.6,openaq,3,,19.25,12.6,24.25,22.5,84.25,941.19,1.0,,
2026-08-08,11.1,openaq,3,,16.59,12.1,24.44,22.4,85.25,941.68,2.0,,
2026-08-09,19.8,openaq,2,,16.45,12.8,24.41,22.8,84.79,942.59,3.1,,
2026-08-10,13.9,openaq,4,,16.42,12.2,24.0,22.3,85.08,941.92,1.8,,
2026-08-11,11.2,openaq,4,,15.38,12.7,23.86,22.4,88.38,940.81,4.1,,
2026-08-12,11.9,openaq,3,,15.76,11.8,24.1,22.6,86.12,942.0,1.2,,
2026-08-13,11.2,openaq,3,,15.81,10.5,23.56,22.4,89.83,943.41,4.9,,
2026-08-14,14.2,openaq,4,,16.29,12.1,23.9,22.3,86.12,943.36,2.3,,
2026-08-15,11.0,openaq,3,,15.55,10.4,23.93,21.9,86.54,943.48,3.3,,
2026-08-16,12.8,openaq,4,,15.09,9.9,24.02,21.8,84.75,943.17,1.8,,
2026-08-17,14.7,openaq,4,,16.85,10.5,23.32,22.1,89.17,944.01,4.5,,
2026-08-18,13.2,openaq,4,,17.27,11.9,23.98,21.9,86.83,944.57,4.0,,
2026-08-19,13.4,openaq,4,,17.26,14.4,24.29,22.2,84.75,944.71,2.4,,
2026-08-20,12.2,openaq,4,3.0,17.03,12.4,24.38,22.5,83.5,944.62,1.4,,
2026-08-21,10.9,openaq,4,1.0,15.36,11.4,23.62,22.0,87.0,944.11,5.6,,
2026-08-22,10.0,openaq,4,8.0,13.89,10.8,23.47,21.6,89.54,943.52,3.8,,
2026-08-23,11.9,openaq,4,0.0,13.65,7.3,24.45,22.3,85.54,943.36,1.5,,
2026-08-24,14.6,openaq,4,7.0,13.7,9.5,24.42,21.8,83.88,943.61,1.8,,
2026-08-25,18.8,openaq,4,6.0,14.63,10.4,24.23,22.1,83.96,943.86,2.8,,
2026-08-26,11.3,cams,0,6.0,16.09,10.9,24.5,21.9,82.38,944.58,0.2,480.0,758.33
